#taxa	R.Mid	RM.Mid	R.Final
k__Fungi;p__Ascomycota;c__Dothideomycetes;o__Capnodiales	0	0	402
k__Fungi;p__Ascomycota;c__Eurotiomycetes;o__Eurotiales	14	0	111
k__Fungi;p__Ascomycota;c__Sordariomycetes;o__Hypocreales	36	0	318
k__Fungi;p__Ascomycota;c__Sordariomycetes;o__Microascales	0	0	37
k__Fungi;p__Ascomycota;c__Sordariomycetes;o__Sordariales	0	0	5559
k__Fungi;p__Basidiomycota;c__Microbotryomycetes;o__Sporidiobolales	55	0	113
k__Fungi;p__Basidiomycota;c__Ustilaginomycetes;o__Ustilaginales	11	0	0
k__Fungi;p__Chytridiomycota;c__Chytridiomycetes;o__Rhizophydiales	13	0	98
k__Fungi;p__Mucoromycota;c__Mucoromycetes;o__Mucorales	0	0	22
k__Fungi;p__NA;c__NA;o__NA	98	0	42
