#taxa	R.Mid	RM.Mid	R.Final
k__Fungi;p__Ascomycota;c__Dothideomycetes;o__Capnodiales;f__Cladosporiaceae	0	0	402
k__Fungi;p__Ascomycota;c__Eurotiomycetes;o__Eurotiales;f__Aspergillaceae	14	0	111
k__Fungi;p__Ascomycota;c__Sordariomycetes;o__Hypocreales;f__Hypocreaceae	36	0	235
k__Fungi;p__Ascomycota;c__Sordariomycetes;o__Hypocreales;f__NA	0	0	44
k__Fungi;p__Ascomycota;c__Sordariomycetes;o__Hypocreales;f__Nectriaceae	0	0	27
k__Fungi;p__Ascomycota;c__Sordariomycetes;o__Hypocreales;f__Stachybotryaceae	0	0	12
k__Fungi;p__Ascomycota;c__Sordariomycetes;o__Microascales;f__Microascaceae	0	0	37
k__Fungi;p__Ascomycota;c__Sordariomycetes;o__Sordariales;f__Chaetomiaceae	0	0	5559
k__Fungi;p__Basidiomycota;c__Microbotryomycetes;o__Sporidiobolales;f__Sporidiobolaceae	55	0	113
k__Fungi;p__Basidiomycota;c__Ustilaginomycetes;o__Ustilaginales;f__Ustilaginaceae	11	0	0
k__Fungi;p__Chytridiomycota;c__Chytridiomycetes;o__Rhizophydiales;f__Angulomycetaceae	13	0	98
k__Fungi;p__Mucoromycota;c__Mucoromycetes;o__Mucorales;f__Mucoraceae	0	0	22
k__Fungi;p__NA;c__NA;o__NA;f__NA	98	0	42
