#taxa	R.Mid	RM.Mid	R.Final
k__Fungi;p__Ascomycota;c__Dothideomycetes;o__Capnodiales;f__Cladosporiaceae;g__Cladosporium	0	0	402
k__Fungi;p__Ascomycota;c__Eurotiomycetes;o__Eurotiales;f__Aspergillaceae;g__Aspergillus	14	0	82
k__Fungi;p__Ascomycota;c__Eurotiomycetes;o__Eurotiales;f__Aspergillaceae;g__Penicillium	0	0	29
k__Fungi;p__Ascomycota;c__Sordariomycetes;o__Hypocreales;f__Hypocreaceae;g__Trichoderma	36	0	235
k__Fungi;p__Ascomycota;c__Sordariomycetes;o__Hypocreales;f__NA;g__NA	0	0	44
k__Fungi;p__Ascomycota;c__Sordariomycetes;o__Hypocreales;f__Nectriaceae;g__Fusarium	0	0	27
k__Fungi;p__Ascomycota;c__Sordariomycetes;o__Hypocreales;f__Stachybotryaceae;g__Stachybotrys	0	0	12
k__Fungi;p__Ascomycota;c__Sordariomycetes;o__Microascales;f__Microascaceae;g__Microascus-Scopulariopsis	0	0	11
k__Fungi;p__Ascomycota;c__Sordariomycetes;o__Microascales;f__Microascaceae;g__Scopulariopsis	0	0	26
k__Fungi;p__Ascomycota;c__Sordariomycetes;o__Sordariales;f__Chaetomiaceae;g__Humicola	0	0	5559
k__Fungi;p__Basidiomycota;c__Microbotryomycetes;o__Sporidiobolales;f__Sporidiobolaceae;g__Rhodotorula	55	0	113
k__Fungi;p__Basidiomycota;c__Ustilaginomycetes;o__Ustilaginales;f__Ustilaginaceae;g__NA	11	0	0
k__Fungi;p__Chytridiomycota;c__Chytridiomycetes;o__Rhizophydiales;f__Angulomycetaceae;g__Angulomyces	13	0	98
k__Fungi;p__Mucoromycota;c__Mucoromycetes;o__Mucorales;f__Mucoraceae;g__Mucor	0	0	22
k__Fungi;p__NA;c__NA;o__NA;f__NA;g__NA	98	0	42
