sample_id,seq222 Planctomycetaceae;Isosphaera;sp41553,seq839 Planctomycetaceae;Isosphaera;sp41553,seq676 Planctomycetaceae;Singulisphaera;sp42102,seq821 Planctomycetaceae;Singulisphaera;sp42094,seq185 Planctomycetaceae;Singulisphaera;sp42094,seq418 Planctomycetaceae;Singulisphaera;sp42094,seq711 Planctomycetaceae;Singulisphaera;sp42073-sp42100,seq1706 Planctomycetaceae;Isosphaera;sp41557,seq456 Planctomycetaceae;Isosphaera;sp41557,seq1324 Planctomycetaceae;Isosphaera;sp41557,seq635 Planctomycetaceae;NA;sp42404,seq1678 Planctomycetaceae;NA;sp42404,seq1810 Planctomycetaceae;NA;sp42429,seq35 Planctomycetaceae;NA;sp42429,seq10 Planctomycetaceae;NA;sp42494,seq931 Planctomycetaceae;Gemmata;sp41532,seq665 Planctomycetaceae;Gemmata;sp41527,seq1029 Planctomycetaceae;Gemmata;sp41512,seq564 Planctomycetaceae;Gemmata;sp41493,seq490 Planctomycetaceae;Gemmata;sp41537,seq808 Planctomycetaceae;Gemmata;obscuriglobus,seq558 Planctomycetaceae;NA;sp42174,seq854 Planctomycetaceae;Planctomyces;sp41956,seq1003 Planctomycetaceae;Schlesneria;sp42069,seq77 Planctomycetaceae;Schlesneria;paludicola,seq540 Planctomycetaceae;Schlesneria;paludicola,seq1494 Planctomycetaceae;Planctomyces;sp41826,seq1827 Planctomycetaceae;Planctomyces;sp41899,seq1376 Planctomycetaceae;Planctomyces;sp41827,seq196 Planctomycetaceae;Planctomyces;sp41893,seq317 Planctomycetaceae;Planctomyces;sp41893,seq715 Planctomycetaceae;Planctomyces;sp41893,seq205 Planctomycetaceae;Planctomyces;sp41893,seq177 Planctomycetaceae;Planctomyces;sp41893,seq946 Planctomycetaceae;Planctomyces;sp41850,seq1809 Planctomycetaceae;Planctomyces;sp41831,seq512 Planctomycetaceae;Planctomyces;sp41831,seq506 Planctomycetaceae;Planctomyces;sp41831,seq382 Planctomycetaceae;Planctomyces;sp41831,seq1705 Planctomycetaceae;Planctomyces;sp41831,seq910 Planctomycetaceae;Planctomyces;sp41831,seq980 Planctomycetaceae;Planctomyces;sp41831,seq596 Planctomycetaceae;NA;sp42164,seq1645 Planctomycetaceae;NA;sp42240,seq1791 Planctomycetaceae;NA;sp42455,seq860 Planctomycetaceae;NA;sp42489,seq208 Planctomycetaceae;NA;sp42489,seq878 Planctomycetaceae;NA;sp42391,seq371 Planctomycetaceae;NA;sp42391,seq223 Planctomycetaceae;NA;sp41646,seq75 Planctomycetaceae;NA;sp41646,seq242 Planctomycetaceae;NA;sp41646,seq1787 Planctomycetaceae;Pirellula;sp41747,seq1340 Planctomycetaceae;Pirellula;sp41738,seq249 Planctomycetaceae;Pirellula;sp41720,seq507 Planctomycetaceae;Pirellula;sp41720,seq384 Planctomycetaceae;Pirellula;sp41798,seq508 Planctomycetaceae;Pirellula;sp41798,seq935 Planctomycetaceae;Pirellula;sp41774,seq301 Planctomycetaceae;Pirellula;sp41774,seq961 Planctomycetaceae;Pirellula;sp41766,seq1822 Planctomycetaceae;Pirellula;sp41766
R.Mid,99,11,0,0,191,33,0,0,61,0,0,0,0,1148,836,55,0,43,0,19,0,0,0,0,290,0,0,0,0,0,0,0,0,32,0,0,20,12,23,0,0,0,0,0,0,0,30,0,0,39,23,42,0,0,31,0,0,151,0,49,0,0
R.Final,55,0,29,0,184,25,35,0,42,0,0,0,0,45,472,0,0,0,59,57,36,17,0,24,32,25,17,11,0,96,80,38,66,82,0,0,27,113,66,0,17,0,19,0,0,0,50,0,49,130,118,83,0,0,206,91,0,0,0,148,0,0
RM.Final,12,0,0,11,75,69,38,0,0,23,0,0,0,32,430,0,29,0,26,45,35,20,0,0,56,0,0,0,0,69,22,0,73,108,53,11,69,26,131,13,0,48,35,14,0,22,238,0,30,213,188,67,0,0,129,34,48,0,54,40,51,11
P.Mid,11,0,0,0,26,0,0,0,13,0,0,13,11,700,2588,0,0,0,0,0,0,0,12,0,338,0,0,0,0,0,0,0,31,34,0,0,0,0,0,0,0,0,0,0,0,0,0,0,0,0,46,0,0,0,0,0,122,0,0,11,0,0
P.Final,113,36,50,0,0,31,16,13,37,0,0,0,0,29,89,0,0,0,0,0,0,23,0,0,29,45,0,0,0,106,50,0,43,48,0,0,0,0,0,0,0,0,0,0,0,0,22,0,20,0,136,55,0,22,0,0,0,0,0,0,0,0
PM.Mid,0,0,0,0,0,0,0,0,19,0,109,0,0,248,215,0,0,0,0,13,0,0,0,0,433,0,0,0,0,0,0,0,0,11,0,0,0,0,0,0,0,0,0,0,0,0,0,0,0,0,21,0,0,0,0,0,0,0,0,14,0,0
PM.Final,148,20,19,58,82,37,0,0,0,0,0,0,0,133,691,0,73,0,48,23,0,75,52,22,20,70,0,0,21,236,112,50,270,279,0,0,33,0,0,0,40,0,65,0,11,42,133,62,131,55,720,138,11,0,0,26,49,0,0,20,0,0
