Taxon	R.Mid	R.Final	RM.Final	P.Mid	P.Final	PM.Mid	PM.Final
seq698 Flavobacteriaceae;Flavobacterium;anhuiense-daemonense	0.0002	0.0002	0.0003	1e-06	1e-06	1e-06	0.0001
seq870 Flavobacteriaceae;Flavobacterium;daemonense	1e-06	0.0002	0.0002	1e-06	1e-06	1e-06	1e-06
seq1035 Flavobacteriaceae;Flavobacterium;anhuiense-daemonense	1e-06	0.0002	1e-06	1e-06	1e-06	1e-06	1e-06
seq459 Flavobacteriaceae;Flavobacterium;anhuiense-daemonense	0.0003	0.0007	0.0003	1e-06	1e-06	1e-06	1e-06
seq1294 Flavobacteriaceae;Flavobacterium;daemonense	1e-06	0.0001	1e-06	1e-06	1e-06	1e-06	1e-06
seq41 Flavobacteriaceae;Flavobacterium;defluvii	0.0064	0.0073	0.0061	1e-06	1e-06	1e-06	0.0001
seq80 Flavobacteriaceae;Flavobacterium;denitrificans	0.0028	0.0035	0.0032	1e-06	0.0019	1e-06	0.0009
seq708 Flavobacteriaceae;Flavobacterium;resistens	0.0002	0.0003	0.0002	1e-06	1e-06	1e-06	1e-06
seq168 Flavobacteriaceae;Flavobacterium;denitrificans	0.0012	0.0019	0.0016	1e-06	0.0011	1e-06	0.0004
seq472 Flavobacteriaceae;Flavobacterium;sp16894	1e-06	1e-06	0.0014	1e-06	1e-06	1e-06	0.0003
seq18 Flavobacteriaceae;Flavobacterium;compostarboris	0.0046	0.015	0.0162	0.0001	0.0021	0.0001	0.0024
seq109 Flavobacteriaceae;Flavobacterium;compostarboris-sp16894	0.0011	0.0032	0.0034	1e-06	0.0005	1e-06	0.0005
seq691 Flavobacteriaceae;Flavobacterium;sp16952	0.0003	0.0004	0.0001	1e-06	1e-06	1e-06	1e-06
seq719 Flavobacteriaceae;Flavobacterium;sp17000	0.0004	1e-06	1e-06	0.0002	1e-06	0.0003	1e-06
seq450 Flavobacteriaceae;Flavobacterium;sp16958	1e-06	0.0012	1e-06	1e-06	1e-06	1e-06	1e-06
seq1540 Flavobacteriaceae;Flavobacterium;suzhouense	1e-06	1e-06	1e-06	0.0001	1e-06	1e-06	1e-06
seq945 Flavobacteriaceae;Flavobacterium;sp17045	1e-06	1e-06	1e-06	1e-06	0.0003	0.0004	1e-06
seq1779 Flavobacteriaceae;Flavobacterium;suzhouense	1e-06	1e-06	1e-06	1e-06	1e-06	1e-06	0.0001
seq1749 Flavobacteriaceae;Flavobacterium;lindanitolerans	1e-06	1e-06	1e-06	1e-06	1e-06	1e-06	0.0001
seq347 Flavobacteriaceae;Flavobacterium;oryzae	0.0006	0.0014	1e-06	1e-06	1e-06	1e-06	1e-06
seq1250 Flavobacteriaceae;Chryseobacterium;taiwanense	0.0001	1e-06	0.0001	1e-06	1e-06	1e-06	1e-06
seq848 Flavobacteriaceae;Chryseobacterium;gambrini-stagni	1e-06	0.0001	0.0003	0.0001	1e-06	1e-06	1e-06
seq83 Flavobacteriaceae;Chryseobacterium;taeanense-taichungense	1e-06	1e-06	1e-06	1e-06	0.0226	1e-06	1e-06
seq1008 Flavobacteriaceae;Chryseobacterium;taeanense-taichungense	1e-06	1e-06	1e-06	1e-06	1e-06	1e-06	0.0004
