sample_id,seq698 Flavobacteriaceae;Flavobacterium;anhuiense-daemonense,seq870 Flavobacteriaceae;Flavobacterium;daemonense,seq1035 Flavobacteriaceae;Flavobacterium;anhuiense-daemonense,seq459 Flavobacteriaceae;Flavobacterium;anhuiense-daemonense,seq1294 Flavobacteriaceae;Flavobacterium;daemonense,seq41 Flavobacteriaceae;Flavobacterium;defluvii,seq80 Flavobacteriaceae;Flavobacterium;denitrificans,seq708 Flavobacteriaceae;Flavobacterium;resistens,seq168 Flavobacteriaceae;Flavobacterium;denitrificans,seq472 Flavobacteriaceae;Flavobacterium;sp16894,seq18 Flavobacteriaceae;Flavobacterium;compostarboris,seq109 Flavobacteriaceae;Flavobacterium;compostarboris-sp16894,seq691 Flavobacteriaceae;Flavobacterium;sp16952,seq719 Flavobacteriaceae;Flavobacterium;sp17000,seq450 Flavobacteriaceae;Flavobacterium;sp16958,seq1540 Flavobacteriaceae;Flavobacterium;suzhouense,seq945 Flavobacteriaceae;Flavobacterium;sp17045,seq1779 Flavobacteriaceae;Flavobacterium;suzhouense,seq1749 Flavobacteriaceae;Flavobacterium;lindanitolerans,seq347 Flavobacteriaceae;Flavobacterium;oryzae,seq1250 Flavobacteriaceae;Chryseobacterium;taiwanense,seq848 Flavobacteriaceae;Chryseobacterium;gambrini-stagni,seq83 Flavobacteriaceae;Chryseobacterium;taeanense-taichungense,seq1008 Flavobacteriaceae;Chryseobacterium;taeanense-taichungense
R.Mid,17,0,0,26,0,445,197,15,88,0,323,80,22,28,0,0,0,0,0,42,11,0,0,0
R.Final,31,38,42,111,24,1038,498,55,274,0,2124,462,57,0,176,0,0,0,0,201,0,22,0,0
RM.Final,31,25,0,33,0,569,299,19,157,133,1508,322,15,0,0,0,0,0,0,0,15,28,0,0
P.Mid,0,0,0,0,0,0,0,0,0,0,22,0,0,26,0,16,0,0,0,0,0,16,0,0
P.Final,0,0,0,0,0,0,99,0,58,0,113,31,0,0,0,0,16,0,0,0,0,0,1174,0
PM.Mid,0,0,0,0,0,0,0,0,0,0,14,0,0,32,0,0,37,0,0,0,0,0,0,0
PM.Final,13,0,0,0,0,15,89,0,43,33,241,50,0,0,0,0,0,12,12,0,0,0,0,46
