sample_id,seq18 Flavobacteriaceae;Flavobacterium;compostarboris,seq83 Flavobacteriaceae;Chryseobacterium;taeanense-taichungense,seq41 Flavobacteriaceae;Flavobacterium;defluvii,seq80 Flavobacteriaceae;Flavobacterium;denitrificans,seq109 Flavobacteriaceae;Flavobacterium;compostarboris-sp16894,seq168 Flavobacteriaceae;Flavobacterium;denitrificans,seq347 Flavobacteriaceae;Flavobacterium;oryzae,seq472 Flavobacteriaceae;Flavobacterium;sp16894,seq459 Flavobacteriaceae;Flavobacterium;anhuiense-daemonense,seq450 Flavobacteriaceae;Flavobacterium;sp16958,seq719 Flavobacteriaceae;Flavobacterium;sp17000,seq698 Flavobacteriaceae;Flavobacterium;anhuiense-daemonense,seq691 Flavobacteriaceae;Flavobacterium;sp16952,seq708 Flavobacteriaceae;Flavobacterium;resistens,seq945 Flavobacteriaceae;Flavobacterium;sp17045,seq848 Flavobacteriaceae;Chryseobacterium;gambrini-stagni,seq870 Flavobacteriaceae;Flavobacterium;daemonense,seq1008 Flavobacteriaceae;Chryseobacterium;taeanense-taichungense,seq1035 Flavobacteriaceae;Flavobacterium;anhuiense-daemonense,seq1250 Flavobacteriaceae;Chryseobacterium;taiwanense,seq1779 Flavobacteriaceae;Flavobacterium;suzhouense,seq1294 Flavobacteriaceae;Flavobacterium;daemonense,seq1540 Flavobacteriaceae;Flavobacterium;suzhouense,seq1749 Flavobacteriaceae;Flavobacterium;lindanitolerans
R.Mid,0.0046,0,0.0064,0.0028,0.0011,0.0012,0.0006,0,0.0003,0,0.0004,0.0002,0.0003,0.0002,0,0,0,0,0,0.0001,0,0,0,0
R.Final,0.015,0,0.0073,0.0035,0.0032,0.0019,0.0014,0,0.0007,0.0012,0,0.0002,0.0004,0.0003,0,0.0001,0.0002,0,0.0002,0,0,0.0001,0,0
RM.Final,0.0162,0,0.0061,0.0032,0.0034,0.0016,0,0.0014,0.0003,0,0,0.0003,0.0001,0.0002,0,0.0003,0.0002,0,0,0.0001,0,0,0,0
P.Mid,0.0001,0,0,0,0,0,0,0,0,0,0.0002,0,0,0,0,0.0001,0,0,0,0,0,0,0.0001,0
P.Final,0.0021,0.0226,0,0.0019,0.0005,0.0011,0,0,0,0,0,0,0,0,0.0003,0,0,0,0,0,0,0,0,0
PM.Mid,0.0001,0,0,0,0,0,0,0,0,0,0.0003,0,0,0,0.0004,0,0,0,0,0,0,0,0,0
PM.Final,0.0024,0,0.0001,0.0009,0.0005,0.0004,0,0.0003,0,0,0,0.0001,0,0,0,0,0,0.0004,0,0,0.0001,0,0,0.0001
