#taxa	R.Mid	R.Final	RM.Final	P.Mid	P.Final	PM.Mid	PM.Final
k__Bacteria;p__Acidobacteria	58	774	660	85	177	0	885
k__Bacteria;p__Actinobacteria	7974	17894	12841	5640	7825	4381	17176
k__Bacteria;p__Armatimonadetes	13	19	38	13	121	0	184
k__Bacteria;p__Bacteroidetes	4671	14620	8257	1100	5300	532	4974
k__Bacteria;p__Chlamydiae	158	1259	1921	96	1453	14	2100
k__Bacteria;p__Chlorobi	0	175	620	12	67	0	188
k__Bacteria;p__Chloroflexi	237	1552	1023	56	81	0	890
k__Bacteria;p__Cyanobacteria	29821	31981	18690	66055	9611	60563	17156
k__Bacteria;p__Deinococcus-Thermus	0	11	540	0	0	0	0
k__Bacteria;p__Elusimicrobia	0	0	0	0	0	0	225
k__Bacteria;p__Firmicutes	546	2496	853	1555	2391	625	1403
k__Bacteria;p__Gemmatimonadetes	247	1700	1160	17	226	47	1323
k__Bacteria;p__Gracilibacteria	122	527	174	386	129	18	155
k__Bacteria;p__Hydrogenedentes	0	224	30	0	27	0	36
k__Bacteria;p__NA	32	0	19	50	0	0	247
k__Bacteria;p__Parcubacteria	48	298	1102	0	0	0	251
k__Bacteria;p__Planctomycetes	3269	2786	2977	3956	1213	1083	4391
k__Bacteria;p__Proteobacteria	19625	49242	30736	38888	21301	21619	42472
k__Bacteria;p__Saccharibacteria	482	5845	5810	21	1448	0	1310
k__Bacteria;p__Spirochaetae	0	0	12	0	0	0	0
k__Bacteria;p__Verrucomicrobia	1688	9453	4270	549	271	71	888
