#taxa	R.Mid	R.Final	RM.Final	P.Mid	P.Final	PM.Mid	PM.Final
k__Bacteria;p__Acidobacteria;c__Acidobacteria	58	774	660	85	177	0	885
k__Bacteria;p__Actinobacteria;c__Acidimicrobiia	2416	3101	1932	457	934	137	2783
k__Bacteria;p__Actinobacteria;c__Actinobacteria	5558	14530	10636	4924	6790	4244	13967
k__Bacteria;p__Actinobacteria;c__Thermoleophilia	0	263	273	259	101	0	426
k__Bacteria;p__Armatimonadetes;c__NA	13	19	38	13	121	0	184
k__Bacteria;p__Bacteroidetes;c__Cytophagia	314	1388	1014	250	163	115	605
k__Bacteria;p__Bacteroidetes;c__Flavobacteriia	1323	5721	3489	272	1749	128	579
k__Bacteria;p__Bacteroidetes;c__NA	0	0	61	0	0	0	0
k__Bacteria;p__Bacteroidetes;c__Sphingobacteriia	3034	7511	3693	578	3388	289	3790
k__Bacteria;p__Chlamydiae;c__Chlamydiae	158	1259	1921	96	1453	14	2100
k__Bacteria;p__Chlorobi;c__Chlorobia	0	175	620	12	67	0	188
k__Bacteria;p__Chloroflexi;c__Anaerolineae	0	15	29	0	0	0	0
k__Bacteria;p__Chloroflexi;c__Caldilineae	0	158	48	0	49	0	581
k__Bacteria;p__Chloroflexi;c__Chloroflexia	0	26	0	0	0	0	0
k__Bacteria;p__Chloroflexi;c__Ktedonobacteria	0	14	0	0	0	0	0
k__Bacteria;p__Chloroflexi;c__NA	0	350	187	43	0	0	108
k__Bacteria;p__Chloroflexi;c__Thermomicrobia	237	989	759	13	32	0	201
k__Bacteria;p__Cyanobacteria;c__Chloroplast	29712	30846	17500	66055	9554	60563	15992
k__Bacteria;p__Cyanobacteria;c__Cyanobacteria	0	16	0	0	0	0	0
k__Bacteria;p__Cyanobacteria;c__Melainabacteria	0	0	0	0	20	0	27
k__Bacteria;p__Cyanobacteria;c__NA	109	1119	1190	0	37	0	1137
k__Bacteria;p__Deinococcus-Thermus;c__Deinococci	0	11	540	0	0	0	0
k__Bacteria;p__Elusimicrobia;c__Elusimicrobia	0	0	0	0	0	0	225
k__Bacteria;p__Firmicutes;c__Bacilli	546	2466	853	1555	2391	625	1403
k__Bacteria;p__Firmicutes;c__Clostridia	0	30	0	0	0	0	0
k__Bacteria;p__Gemmatimonadetes;c__Gemmatimonadetes	247	1700	1160	17	226	47	1323
k__Bacteria;p__Gracilibacteria;c__NA	122	527	174	386	129	18	155
k__Bacteria;p__Hydrogenedentes;c__NA	0	224	30	0	27	0	36
k__Bacteria;p__NA;c__NA	32	0	19	50	0	0	247
k__Bacteria;p__Parcubacteria;c__NA	48	298	1102	0	0	0	251
k__Bacteria;p__Planctomycetes;c__NA	0	26	34	0	0	0	0
k__Bacteria;p__Planctomycetes;c__Phycisphaerae	31	116	245	0	200	0	316
k__Bacteria;p__Planctomycetes;c__Planctomycetacia	3238	2644	2698	3956	1013	1083	4075
k__Bacteria;p__Proteobacteria;c__Alphaproteobacteria	14827	32254	18882	34193	14479	20412	24638
k__Bacteria;p__Proteobacteria;c__Betaproteobacteria	3370	8700	5948	1544	2380	561	6207
k__Bacteria;p__Proteobacteria;c__Deltaproteobacteria	729	2739	2320	1180	615	537	1338
k__Bacteria;p__Proteobacteria;c__Gammaproteobacteria	699	5549	3574	1971	3827	109	10289
k__Bacteria;p__Proteobacteria;c__NA	0	0	12	0	0	0	0
k__Bacteria;p__Saccharibacteria;c__NA	482	5845	5810	21	1448	0	1310
k__Bacteria;p__Spirochaetae;c__Spirochaetes	0	0	12	0	0	0	0
k__Bacteria;p__Verrucomicrobia;c__NA	0	2618	1025	0	29	0	299
k__Bacteria;p__Verrucomicrobia;c__Opitutae	374	5932	2538	0	148	17	338
k__Bacteria;p__Verrucomicrobia;c__Spartobacteria	0	0	0	0	0	0	140
k__Bacteria;p__Verrucomicrobia;c__Verrucomicrobiae	1314	903	707	549	94	54	111
