#taxa	R.Mid	R.Final	RM.Final	P.Mid	P.Final	PM.Mid	PM.Final
k__Bacteria;p__Acidobacteria;c__Acidobacteria;o__NA	58	774	660	85	177	0	885
k__Bacteria;p__Actinobacteria;c__Acidimicrobiia;o__Acidimicrobiales	2416	3101	1932	457	934	137	2783
k__Bacteria;p__Actinobacteria;c__Actinobacteria;o__Corynebacteriales	557	1808	1085	926	701	92	2619
k__Bacteria;p__Actinobacteria;c__Actinobacteria;o__Frankiales	48	137	83	138	299	0	597
k__Bacteria;p__Actinobacteria;c__Actinobacteria;o__Kineosporiales	0	37	38	0	14	0	180
k__Bacteria;p__Actinobacteria;c__Actinobacteria;o__Micrococcales	1085	2189	2495	3029	2635	2337	4902
k__Bacteria;p__Actinobacteria;c__Actinobacteria;o__Micromonosporales	0	14	0	0	0	0	0
k__Bacteria;p__Actinobacteria;c__Actinobacteria;o__NA	490	168	144	46	376	28	820
k__Bacteria;p__Actinobacteria;c__Actinobacteria;o__Propionibacteriales	3200	9585	6402	639	2765	1787	4570
k__Bacteria;p__Actinobacteria;c__Actinobacteria;o__Pseudonocardiales	101	245	205	146	0	0	279
k__Bacteria;p__Actinobacteria;c__Actinobacteria;o__Streptomycetales	77	321	169	0	0	0	0
k__Bacteria;p__Actinobacteria;c__Actinobacteria;o__Streptosporangiales	0	26	15	0	0	0	0
k__Bacteria;p__Actinobacteria;c__Thermoleophilia;o__Gaiellales	0	122	211	129	86	0	335
k__Bacteria;p__Actinobacteria;c__Thermoleophilia;o__NA	0	37	11	0	0	0	0
k__Bacteria;p__Actinobacteria;c__Thermoleophilia;o__Solirubrobacterales	0	104	51	130	15	0	91
k__Bacteria;p__Armatimonadetes;c__NA;o__NA	13	19	38	13	121	0	184
k__Bacteria;p__Bacteroidetes;c__Cytophagia;o__Cytophagales	314	1388	1014	250	163	115	605
k__Bacteria;p__Bacteroidetes;c__Flavobacteriia;o__Flavobacteriales	1323	5721	3489	272	1749	128	579
k__Bacteria;p__Bacteroidetes;c__NA;o__NA	0	0	61	0	0	0	0
k__Bacteria;p__Bacteroidetes;c__Sphingobacteriia;o__Sphingobacteriales	3034	7511	3693	578	3388	289	3790
k__Bacteria;p__Chlamydiae;c__Chlamydiae;o__Chlamydiales	158	1259	1921	96	1453	14	2100
k__Bacteria;p__Chlorobi;c__Chlorobia;o__Chlorobiales	0	175	620	12	67	0	188
k__Bacteria;p__Chloroflexi;c__Anaerolineae;o__Anaerolineales	0	15	29	0	0	0	0
k__Bacteria;p__Chloroflexi;c__Caldilineae;o__Caldilineales	0	158	48	0	49	0	581
k__Bacteria;p__Chloroflexi;c__Chloroflexia;o__Kallotenuales	0	26	0	0	0	0	0
k__Bacteria;p__Chloroflexi;c__Ktedonobacteria;o__NA	0	14	0	0	0	0	0
k__Bacteria;p__Chloroflexi;c__NA;o__NA	0	350	187	43	0	0	108
k__Bacteria;p__Chloroflexi;c__Thermomicrobia;o__NA	237	989	759	13	32	0	201
k__Bacteria;p__Cyanobacteria;c__Chloroplast;o__Acutodesmus obliquus	0	16	37	246	56	0	0
k__Bacteria;p__Cyanobacteria;c__Chloroplast;o__Arachis hypogaea var. vulgaris	402	443	471	1258	0	0	36
k__Bacteria;p__Cyanobacteria;c__Chloroplast;o__Athetis lepigone	0	28	0	0	0	0	0
k__Bacteria;p__Cyanobacteria;c__Chloroplast;o__Chlamydomonas reinhardtii	11	0	0	0	0	0	0
k__Bacteria;p__Cyanobacteria;c__Chloroplast;o__Monoraphidium neglectum	27737	16330	4602	64519	8757	60551	15691
k__Bacteria;p__Cyanobacteria;c__Chloroplast;o__NA	0	13229	4278	32	517	0	165
k__Bacteria;p__Cyanobacteria;c__Chloroplast;o__Navicula phyllepta	1548	800	4518	0	213	12	73
k__Bacteria;p__Cyanobacteria;c__Chloroplast;o__Nitzschia closterium	0	0	3571	0	11	0	27
k__Bacteria;p__Cyanobacteria;c__Chloroplast;o__Oophila amblystomatis	14	0	23	0	0	0	0
k__Bacteria;p__Cyanobacteria;c__Cyanobacteria;o__NA	0	16	0	0	0	0	0
k__Bacteria;p__Cyanobacteria;c__Melainabacteria;o__Vampirovibrionales	0	0	0	0	20	0	27
k__Bacteria;p__Cyanobacteria;c__NA;o__NA	109	1119	1190	0	37	0	1137
k__Bacteria;p__Deinococcus-Thermus;c__Deinococci;o__Deinococcales	0	11	540	0	0	0	0
k__Bacteria;p__Elusimicrobia;c__Elusimicrobia;o__NA	0	0	0	0	0	0	225
k__Bacteria;p__Firmicutes;c__Bacilli;o__Bacillales	546	2466	853	1555	2391	625	1403
k__Bacteria;p__Firmicutes;c__Clostridia;o__Clostridiales	0	30	0	0	0	0	0
k__Bacteria;p__Gemmatimonadetes;c__Gemmatimonadetes;o__Gemmatimonadales	247	1700	1160	17	226	47	1323
k__Bacteria;p__Gracilibacteria;c__NA;o__NA	122	527	174	386	129	18	155
k__Bacteria;p__Hydrogenedentes;c__NA;o__NA	0	224	30	0	27	0	36
k__Bacteria;p__NA;c__NA;o__NA	32	0	19	50	0	0	247
k__Bacteria;p__Parcubacteria;c__NA;o__NA	48	298	1102	0	0	0	251
k__Bacteria;p__Planctomycetes;c__NA;o__NA	0	26	34	0	0	0	0
k__Bacteria;p__Planctomycetes;c__Phycisphaerae;o__NA	31	116	245	0	200	0	316
k__Bacteria;p__Planctomycetes;c__Planctomycetacia;o__Planctomycetales	3238	2644	2698	3956	1013	1083	4075
k__Bacteria;p__Proteobacteria;c__Alphaproteobacteria;o__Caulobacterales	678	4438	2238	1295	2288	508	3075
k__Bacteria;p__Proteobacteria;c__Alphaproteobacteria;o__NA	0	0	25	105	0	0	75
k__Bacteria;p__Proteobacteria;c__Alphaproteobacteria;o__Rhizobiales	10226	16130	10757	25930	9290	11309	15048
k__Bacteria;p__Proteobacteria;c__Alphaproteobacteria;o__Rhodobacterales	655	141	113	1204	95	1433	415
k__Bacteria;p__Proteobacteria;c__Alphaproteobacteria;o__Rhodospirillales	1065	2320	1768	873	893	595	2501
k__Bacteria;p__Proteobacteria;c__Alphaproteobacteria;o__Rickettsiales	354	4194	1501	0	488	51	717
k__Bacteria;p__Proteobacteria;c__Alphaproteobacteria;o__Sphingomonadales	1849	5031	2480	4786	1425	6516	2807
k__Bacteria;p__Proteobacteria;c__Betaproteobacteria;o__Burkholderiales	3166	6207	5606	1505	2148	446	5720
k__Bacteria;p__Proteobacteria;c__Betaproteobacteria;o__Methylophilales	105	301	107	22	232	21	194
k__Bacteria;p__Proteobacteria;c__Betaproteobacteria;o__NA	16	24	12	0	0	0	77
k__Bacteria;p__Proteobacteria;c__Betaproteobacteria;o__Neisseriales	83	2080	32	0	0	0	36
k__Bacteria;p__Proteobacteria;c__Betaproteobacteria;o__Nitrosomonadales	0	54	105	0	0	0	180
k__Bacteria;p__Proteobacteria;c__Betaproteobacteria;o__Procabacteriales	0	0	0	17	0	94	0
k__Bacteria;p__Proteobacteria;c__Betaproteobacteria;o__Rhodocyclales	0	34	86	0	0	0	0
k__Bacteria;p__Proteobacteria;c__Deltaproteobacteria;o__Bdellovibrionales	207	1442	688	187	234	64	745
k__Bacteria;p__Proteobacteria;c__Deltaproteobacteria;o__Desulfuromonadales	0	52	11	0	0	0	17
k__Bacteria;p__Proteobacteria;c__Deltaproteobacteria;o__Myxococcales	28	601	673	0	34	0	105
k__Bacteria;p__Proteobacteria;c__Deltaproteobacteria;o__Oligoflexales	494	644	948	993	347	473	471
k__Bacteria;p__Proteobacteria;c__Gammaproteobacteria;o__Cellvibrionales	31	475	669	12	0	46	61
k__Bacteria;p__Proteobacteria;c__Gammaproteobacteria;o__Chromatiales	0	13	0	11	0	16	13
k__Bacteria;p__Proteobacteria;c__Gammaproteobacteria;o__Enterobacteriales	13	26	25	603	384	0	0
k__Bacteria;p__Proteobacteria;c__Gammaproteobacteria;o__Legionellales	16	659	285	707	88	34	816
k__Bacteria;p__Proteobacteria;c__Gammaproteobacteria;o__NA	84	322	95	0	0	0	241
k__Bacteria;p__Proteobacteria;c__Gammaproteobacteria;o__Oceanospirillales	18	472	179	0	0	0	0
k__Bacteria;p__Proteobacteria;c__Gammaproteobacteria;o__Pseudomonadales	128	1155	152	220	840	13	5175
k__Bacteria;p__Proteobacteria;c__Gammaproteobacteria;o__Thiotrichales	0	0	0	0	0	0	75
k__Bacteria;p__Proteobacteria;c__Gammaproteobacteria;o__Xanthomonadales	409	2427	2169	418	2515	0	3908
k__Bacteria;p__Proteobacteria;c__NA;o__NA	0	0	12	0	0	0	0
k__Bacteria;p__Saccharibacteria;c__NA;o__NA	482	5845	5810	21	1448	0	1310
k__Bacteria;p__Spirochaetae;c__Spirochaetes;o__Spirochaetales	0	0	12	0	0	0	0
k__Bacteria;p__Verrucomicrobia;c__NA;o__NA	0	2618	1025	0	29	0	299
k__Bacteria;p__Verrucomicrobia;c__Opitutae;o__NA	0	0	168	0	0	0	0
k__Bacteria;p__Verrucomicrobia;c__Opitutae;o__Opitutales	374	5932	2370	0	148	17	338
k__Bacteria;p__Verrucomicrobia;c__Spartobacteria;o__Chthoniobacterales	0	0	0	0	0	0	140
k__Bacteria;p__Verrucomicrobia;c__Verrucomicrobiae;o__Verrucomicrobiales	1314	903	707	549	94	54	111
