#taxa	R.Mid	R.Final	RM.Final	P.Mid	P.Final	PM.Mid	PM.Final
k__Bacteria;p__Acidobacteria;c__Acidobacteria;o__NA;f__NA	58	774	660	85	177	0	885
k__Bacteria;p__Actinobacteria;c__Acidimicrobiia;o__Acidimicrobiales;f__Acidimicrobiaceae	19	80	92	0	76	0	639
k__Bacteria;p__Actinobacteria;c__Acidimicrobiia;o__Acidimicrobiales;f__Iamiaceae	1183	580	394	126	268	41	417
k__Bacteria;p__Actinobacteria;c__Acidimicrobiia;o__Acidimicrobiales;f__NA	1214	2441	1446	331	590	96	1727
k__Bacteria;p__Actinobacteria;c__Actinobacteria;o__Corynebacteriales;f__Dietziaceae	12	20	11	45	0	0	0
k__Bacteria;p__Actinobacteria;c__Actinobacteria;o__Corynebacteriales;f__Mycobacteriaceae	408	1472	822	671	652	78	2505
k__Bacteria;p__Actinobacteria;c__Actinobacteria;o__Corynebacteriales;f__Nocardiaceae	137	316	252	210	49	14	114
k__Bacteria;p__Actinobacteria;c__Actinobacteria;o__Frankiales;f__Cryptosporangiaceae	32	14	32	22	31	0	0
k__Bacteria;p__Actinobacteria;c__Actinobacteria;o__Frankiales;f__Frankiaceae	0	0	0	18	48	0	20
k__Bacteria;p__Actinobacteria;c__Actinobacteria;o__Frankiales;f__Geodermatophilaceae	0	55	51	0	115	0	18
k__Bacteria;p__Actinobacteria;c__Actinobacteria;o__Frankiales;f__NA	0	54	0	98	105	0	510
k__Bacteria;p__Actinobacteria;c__Actinobacteria;o__Frankiales;f__Nakamurellaceae	0	0	0	0	0	0	12
k__Bacteria;p__Actinobacteria;c__Actinobacteria;o__Frankiales;f__Sporichthyaceae	16	14	0	0	0	0	37
k__Bacteria;p__Actinobacteria;c__Actinobacteria;o__Kineosporiales;f__Kineosporiaceae	0	37	38	0	14	0	180
k__Bacteria;p__Actinobacteria;c__Actinobacteria;o__Micrococcales;f__Bogoriellaceae	14	14	21	0	0	0	0
k__Bacteria;p__Actinobacteria;c__Actinobacteria;o__Micrococcales;f__Cellulomonadaceae	119	220	250	0	0	0	0
k__Bacteria;p__Actinobacteria;c__Actinobacteria;o__Micrococcales;f__Dermabacteraceae	0	0	0	14	0	0	0
k__Bacteria;p__Actinobacteria;c__Actinobacteria;o__Micrococcales;f__Dermacoccaceae	0	0	0	39	11	0	30
k__Bacteria;p__Actinobacteria;c__Actinobacteria;o__Micrococcales;f__Intrasporangiaceae	63	133	103	50	47	0	208
k__Bacteria;p__Actinobacteria;c__Actinobacteria;o__Micrococcales;f__Microbacteriaceae	661	1306	1181	1936	2064	1939	3523
k__Bacteria;p__Actinobacteria;c__Actinobacteria;o__Micrococcales;f__Micrococcaceae	228	516	940	990	513	398	1141
k__Bacteria;p__Actinobacteria;c__Actinobacteria;o__Micromonosporales;f__Micromonosporaceae	0	14	0	0	0	0	0
k__Bacteria;p__Actinobacteria;c__Actinobacteria;o__NA;f__NA	490	168	144	46	376	28	820
k__Bacteria;p__Actinobacteria;c__Actinobacteria;o__Propionibacteriales;f__Nocardioidaceae	3200	9567	6370	639	2765	1787	4570
k__Bacteria;p__Actinobacteria;c__Actinobacteria;o__Propionibacteriales;f__Propionibacteriaceae	0	18	32	0	0	0	0
k__Bacteria;p__Actinobacteria;c__Actinobacteria;o__Pseudonocardiales;f__Pseudonocardiaceae	101	245	205	146	0	0	279
k__Bacteria;p__Actinobacteria;c__Actinobacteria;o__Streptomycetales;f__Streptomycetaceae	77	321	169	0	0	0	0
k__Bacteria;p__Actinobacteria;c__Actinobacteria;o__Streptosporangiales;f__Thermomonosporaceae	0	26	15	0	0	0	0
k__Bacteria;p__Actinobacteria;c__Thermoleophilia;o__Gaiellales;f__Gaiellaceae	0	0	0	0	0	0	24
k__Bacteria;p__Actinobacteria;c__Thermoleophilia;o__Gaiellales;f__NA	0	122	211	129	86	0	311
k__Bacteria;p__Actinobacteria;c__Thermoleophilia;o__NA;f__NA	0	37	11	0	0	0	0
k__Bacteria;p__Actinobacteria;c__Thermoleophilia;o__Solirubrobacterales;f__NA	0	36	11	63	15	0	16
k__Bacteria;p__Actinobacteria;c__Thermoleophilia;o__Solirubrobacterales;f__Patulibacteraceae	0	68	40	67	0	0	75
k__Bacteria;p__Armatimonadetes;c__NA;o__NA;f__NA	13	19	38	13	121	0	184
k__Bacteria;p__Bacteroidetes;c__Cytophagia;o__Cytophagales;f__Cyclobacteriaceae	0	0	0	53	0	0	0
k__Bacteria;p__Bacteroidetes;c__Cytophagia;o__Cytophagales;f__Cytophagaceae	281	1315	1014	197	163	115	511
k__Bacteria;p__Bacteroidetes;c__Cytophagia;o__Cytophagales;f__Flammeovirgaceae	33	73	0	0	0	0	94
k__Bacteria;p__Bacteroidetes;c__Flavobacteriia;o__Flavobacteriales;f__Cryomorphaceae	29	568	335	192	185	45	25
k__Bacteria;p__Bacteroidetes;c__Flavobacteriia;o__Flavobacteriales;f__Flavobacteriaceae	1294	5153	3154	80	1491	83	554
k__Bacteria;p__Bacteroidetes;c__Flavobacteriia;o__Flavobacteriales;f__NA	0	0	0	0	73	0	0
k__Bacteria;p__Bacteroidetes;c__NA;o__NA;f__Rhodothermaceae	0	0	61	0	0	0	0
k__Bacteria;p__Bacteroidetes;c__Sphingobacteriia;o__Sphingobacteriales;f__Chitinophagaceae	2567	5564	2507	323	1008	234	2072
k__Bacteria;p__Bacteroidetes;c__Sphingobacteriia;o__Sphingobacteriales;f__NA	44	680	403	89	18	12	200
k__Bacteria;p__Bacteroidetes;c__Sphingobacteriia;o__Sphingobacteriales;f__Saprospiraceae	0	172	29	0	0	0	266
k__Bacteria;p__Bacteroidetes;c__Sphingobacteriia;o__Sphingobacteriales;f__Sphingobacteriaceae	423	1095	754	166	2362	43	1252
k__Bacteria;p__Chlamydiae;c__Chlamydiae;o__Chlamydiales;f__Chlamydiaceae	0	21	0	0	0	0	0
k__Bacteria;p__Chlamydiae;c__Chlamydiae;o__Chlamydiales;f__Parachlamydiaceae	158	1201	1907	96	1453	14	2062
k__Bacteria;p__Chlamydiae;c__Chlamydiae;o__Chlamydiales;f__Simkaniaceae	0	37	14	0	0	0	38
k__Bacteria;p__Chlorobi;c__Chlorobia;o__Chlorobiales;f__NA	0	175	620	12	67	0	188
k__Bacteria;p__Chloroflexi;c__Anaerolineae;o__Anaerolineales;f__Anaerolineaceae	0	15	29	0	0	0	0
k__Bacteria;p__Chloroflexi;c__Caldilineae;o__Caldilineales;f__Caldilineaceae	0	158	48	0	49	0	581
k__Bacteria;p__Chloroflexi;c__Chloroflexia;o__Kallotenuales;f__NA	0	26	0	0	0	0	0
k__Bacteria;p__Chloroflexi;c__Ktedonobacteria;o__NA;f__NA	0	14	0	0	0	0	0
k__Bacteria;p__Chloroflexi;c__NA;o__NA;f__NA	0	350	187	43	0	0	108
k__Bacteria;p__Chloroflexi;c__Thermomicrobia;o__NA;f__NA	237	989	759	13	32	0	201
k__Bacteria;p__Cyanobacteria;c__Chloroplast;o__Acutodesmus obliquus;f__NA	0	16	37	246	56	0	0
k__Bacteria;p__Cyanobacteria;c__Chloroplast;o__Arachis hypogaea var. vulgaris;f__Arachis hypogaea var. vulgaris	402	443	471	1258	0	0	36
k__Bacteria;p__Cyanobacteria;c__Chloroplast;o__Athetis lepigone;f__Athetis lepigone	0	28	0	0	0	0	0
k__Bacteria;p__Cyanobacteria;c__Chloroplast;o__Chlamydomonas reinhardtii;f__NA	11	0	0	0	0	0	0
k__Bacteria;p__Cyanobacteria;c__Chloroplast;o__Monoraphidium neglectum;f__Monoraphidium neglectum	27737	16330	4602	64519	8757	60551	15691
k__Bacteria;p__Cyanobacteria;c__Chloroplast;o__NA;f__NA	0	13229	4278	32	517	0	165
k__Bacteria;p__Cyanobacteria;c__Chloroplast;o__Navicula phyllepta;f__Navicula phyllepta	1548	800	4518	0	213	12	73
k__Bacteria;p__Cyanobacteria;c__Chloroplast;o__Nitzschia closterium;f__Nitzschia closterium	0	0	3571	0	11	0	27
k__Bacteria;p__Cyanobacteria;c__Chloroplast;o__Oophila amblystomatis;f__Oophila amblystomatis	14	0	23	0	0	0	0
k__Bacteria;p__Cyanobacteria;c__Cyanobacteria;o__NA;f__FamilyII	0	16	0	0	0	0	0
k__Bacteria;p__Cyanobacteria;c__Melainabacteria;o__Vampirovibrionales;f__Vampirovibrio chlorellavorus	0	0	0	0	20	0	27
k__Bacteria;p__Cyanobacteria;c__NA;o__NA;f__NA	109	1119	1190	0	37	0	1137
k__Bacteria;p__Deinococcus-Thermus;c__Deinococci;o__Deinococcales;f__Deinococcaceae	0	0	540	0	0	0	0
k__Bacteria;p__Deinococcus-Thermus;c__Deinococci;o__Deinococcales;f__Trueperaceae	0	11	0	0	0	0	0
k__Bacteria;p__Elusimicrobia;c__Elusimicrobia;o__NA;f__NA	0	0	0	0	0	0	225
k__Bacteria;p__Firmicutes;c__Bacilli;o__Bacillales;f__Bacillaceae	344	1485	304	0	1349	0	26
k__Bacteria;p__Firmicutes;c__Bacilli;o__Bacillales;f__Family XII	133	14	103	0	0	0	18
k__Bacteria;p__Firmicutes;c__Bacilli;o__Bacillales;f__NA	0	244	246	803	869	366	1084
k__Bacteria;p__Firmicutes;c__Bacilli;o__Bacillales;f__Paenibacillaceae	69	723	200	12	173	0	275
k__Bacteria;p__Firmicutes;c__Bacilli;o__Bacillales;f__Planococcaceae	0	0	0	740	0	259	0
k__Bacteria;p__Firmicutes;c__Clostridia;o__Clostridiales;f__NA	0	30	0	0	0	0	0
k__Bacteria;p__Gemmatimonadetes;c__Gemmatimonadetes;o__Gemmatimonadales;f__Gemmatimonadaceae	247	1700	1160	17	226	47	1323
k__Bacteria;p__Gracilibacteria;c__NA;o__NA;f__NA	122	527	174	386	129	18	155
k__Bacteria;p__Hydrogenedentes;c__NA;o__NA;f__NA	0	224	30	0	27	0	36
k__Bacteria;p__NA;c__NA;o__NA;f__NA	32	0	19	50	0	0	247
k__Bacteria;p__Parcubacteria;c__NA;o__NA;f__NA	48	298	1102	0	0	0	251
k__Bacteria;p__Planctomycetes;c__NA;o__NA;f__NA	0	26	34	0	0	0	0
k__Bacteria;p__Planctomycetes;c__Phycisphaerae;o__NA;f__NA	31	116	245	0	200	0	316
k__Bacteria;p__Planctomycetes;c__Planctomycetacia;o__Planctomycetales;f__Planctomycetaceae	3238	2644	2698	3956	1013	1083	4075
k__Bacteria;p__Proteobacteria;c__Alphaproteobacteria;o__Caulobacterales;f__Caulobacteraceae	551	4281	2168	1279	2273	472	2721
k__Bacteria;p__Proteobacteria;c__Alphaproteobacteria;o__Caulobacterales;f__Hyphomonadaceae	127	157	70	16	15	36	354
k__Bacteria;p__Proteobacteria;c__Alphaproteobacteria;o__NA;f__NA	0	0	25	105	0	0	75
k__Bacteria;p__Proteobacteria;c__Alphaproteobacteria;o__Rhizobiales;f__Aurantimonadaceae	0	0	16	0	0	24	0
k__Bacteria;p__Proteobacteria;c__Alphaproteobacteria;o__Rhizobiales;f__Beijerinckiaceae	29	81	43	0	0	0	0
k__Bacteria;p__Proteobacteria;c__Alphaproteobacteria;o__Rhizobiales;f__Bradyrhizobiaceae	441	1312	645	790	964	41	2074
k__Bacteria;p__Proteobacteria;c__Alphaproteobacteria;o__Rhizobiales;f__Brucellaceae	16	43	19	0	47	0	74
k__Bacteria;p__Proteobacteria;c__Alphaproteobacteria;o__Rhizobiales;f__Hyphomicrobiaceae	1937	4747	3729	2556	971	938	2207
k__Bacteria;p__Proteobacteria;c__Alphaproteobacteria;o__Rhizobiales;f__Methylobacteriaceae	34	136	453	0	92	0	287
k__Bacteria;p__Proteobacteria;c__Alphaproteobacteria;o__Rhizobiales;f__Methylocystaceae	20	0	27	0	13	0	12
k__Bacteria;p__Proteobacteria;c__Alphaproteobacteria;o__Rhizobiales;f__NA	655	1629	709	990	326	141	595
k__Bacteria;p__Proteobacteria;c__Alphaproteobacteria;o__Rhizobiales;f__Phyllobacteriaceae	315	479	478	401	1241	33	2111
k__Bacteria;p__Proteobacteria;c__Alphaproteobacteria;o__Rhizobiales;f__Rhizobiaceae	6180	5591	3613	19944	5350	10047	6699
k__Bacteria;p__Proteobacteria;c__Alphaproteobacteria;o__Rhizobiales;f__Rhodobiaceae	0	0	0	0	27	0	68
k__Bacteria;p__Proteobacteria;c__Alphaproteobacteria;o__Rhizobiales;f__Xanthobacteraceae	599	2112	1025	1249	259	85	921
k__Bacteria;p__Proteobacteria;c__Alphaproteobacteria;o__Rhodobacterales;f__Rhodobacteraceae	655	141	113	1204	95	1433	415
k__Bacteria;p__Proteobacteria;c__Alphaproteobacteria;o__Rhodospirillales;f__Acetobacteraceae	117	189	80	377	32	193	214
k__Bacteria;p__Proteobacteria;c__Alphaproteobacteria;o__Rhodospirillales;f__NA	665	501	320	383	490	333	952
k__Bacteria;p__Proteobacteria;c__Alphaproteobacteria;o__Rhodospirillales;f__Rhodospirillaceae	283	1630	1368	113	371	69	1335
k__Bacteria;p__Proteobacteria;c__Alphaproteobacteria;o__Rickettsiales;f__Holosporaceae	27	221	196	0	34	51	142
k__Bacteria;p__Proteobacteria;c__Alphaproteobacteria;o__Rickettsiales;f__Mitochondria	0	3365	1232	0	179	0	33
k__Bacteria;p__Proteobacteria;c__Alphaproteobacteria;o__Rickettsiales;f__NA	64	208	54	0	264	0	292
k__Bacteria;p__Proteobacteria;c__Alphaproteobacteria;o__Rickettsiales;f__Rickettsiaceae	263	400	19	0	11	0	250
k__Bacteria;p__Proteobacteria;c__Alphaproteobacteria;o__Sphingomonadales;f__Erythrobacteraceae	174	1992	872	852	0	46	15
k__Bacteria;p__Proteobacteria;c__Alphaproteobacteria;o__Sphingomonadales;f__NA	83	205	59	46	0	47	11
k__Bacteria;p__Proteobacteria;c__Alphaproteobacteria;o__Sphingomonadales;f__Sphingomonadaceae	1592	2834	1549	3888	1425	6423	2781
k__Bacteria;p__Proteobacteria;c__Betaproteobacteria;o__Burkholderiales;f__Alcaligenaceae	0	63	14	15	135	86	0
k__Bacteria;p__Proteobacteria;c__Betaproteobacteria;o__Burkholderiales;f__Burkholderiaceae	34	154	0	114	51	93	973
k__Bacteria;p__Proteobacteria;c__Betaproteobacteria;o__Burkholderiales;f__Comamonadaceae	2740	4542	2756	1342	1201	252	3142
k__Bacteria;p__Proteobacteria;c__Betaproteobacteria;o__Burkholderiales;f__Oxalobacteraceae	392	1448	2836	34	761	15	1605
k__Bacteria;p__Proteobacteria;c__Betaproteobacteria;o__Methylophilales;f__Methylophilaceae	105	301	107	22	232	21	194
k__Bacteria;p__Proteobacteria;c__Betaproteobacteria;o__NA;f__NA	16	24	12	0	0	0	77
k__Bacteria;p__Proteobacteria;c__Betaproteobacteria;o__Neisseriales;f__Neisseriaceae	83	2080	32	0	0	0	36
k__Bacteria;p__Proteobacteria;c__Betaproteobacteria;o__Nitrosomonadales;f__Nitrosomonadaceae	0	54	105	0	0	0	180
k__Bacteria;p__Proteobacteria;c__Betaproteobacteria;o__Procabacteriales;f__Procabacteriaceae	0	0	0	17	0	94	0
k__Bacteria;p__Proteobacteria;c__Betaproteobacteria;o__Rhodocyclales;f__Rhodocyclaceae	0	34	86	0	0	0	0
k__Bacteria;p__Proteobacteria;c__Deltaproteobacteria;o__Bdellovibrionales;f__Bacteriovoracaceae	56	181	189	0	14	0	351
k__Bacteria;p__Proteobacteria;c__Deltaproteobacteria;o__Bdellovibrionales;f__Bdellovibrionaceae	151	1261	499	187	220	64	394
k__Bacteria;p__Proteobacteria;c__Deltaproteobacteria;o__Desulfuromonadales;f__NA	0	52	11	0	0	0	17
k__Bacteria;p__Proteobacteria;c__Deltaproteobacteria;o__Myxococcales;f__Cystobacteraceae	11	58	42	0	0	0	0
k__Bacteria;p__Proteobacteria;c__Deltaproteobacteria;o__Myxococcales;f__Haliangiaceae	0	28	35	0	0	0	18
k__Bacteria;p__Proteobacteria;c__Deltaproteobacteria;o__Myxococcales;f__NA	0	198	355	0	0	0	24
k__Bacteria;p__Proteobacteria;c__Deltaproteobacteria;o__Myxococcales;f__Sandaracinaceae	17	317	241	0	34	0	63
k__Bacteria;p__Proteobacteria;c__Deltaproteobacteria;o__Oligoflexales;f__NA	53	283	143	139	99	0	100
k__Bacteria;p__Proteobacteria;c__Deltaproteobacteria;o__Oligoflexales;f__Oligoflexaceae	441	361	805	854	248	473	371
k__Bacteria;p__Proteobacteria;c__Gammaproteobacteria;o__Cellvibrionales;f__Cellvibrionaceae	31	475	669	12	0	46	61
k__Bacteria;p__Proteobacteria;c__Gammaproteobacteria;o__Chromatiales;f__Chromatiaceae	0	13	0	11	0	16	13
k__Bacteria;p__Proteobacteria;c__Gammaproteobacteria;o__Enterobacteriales;f__Enterobacteriaceae	13	26	25	603	384	0	0
k__Bacteria;p__Proteobacteria;c__Gammaproteobacteria;o__Legionellales;f__Coxiellaceae	0	145	180	29	0	0	66
k__Bacteria;p__Proteobacteria;c__Gammaproteobacteria;o__Legionellales;f__Legionellaceae	16	514	105	678	88	34	750
k__Bacteria;p__Proteobacteria;c__Gammaproteobacteria;o__NA;f__NA	84	322	95	0	0	0	241
k__Bacteria;p__Proteobacteria;c__Gammaproteobacteria;o__Oceanospirillales;f__Oceanospirillaceae	18	472	179	0	0	0	0
k__Bacteria;p__Proteobacteria;c__Gammaproteobacteria;o__Pseudomonadales;f__Moraxellaceae	0	39	15	0	0	0	0
k__Bacteria;p__Proteobacteria;c__Gammaproteobacteria;o__Pseudomonadales;f__Pseudomonadaceae	128	1116	137	220	840	13	5175
k__Bacteria;p__Proteobacteria;c__Gammaproteobacteria;o__Thiotrichales;f__Thiotrichaceae	0	0	0	0	0	0	75
k__Bacteria;p__Proteobacteria;c__Gammaproteobacteria;o__Xanthomonadales;f__NA	18	126	98	0	22	0	42
k__Bacteria;p__Proteobacteria;c__Gammaproteobacteria;o__Xanthomonadales;f__Nevskiaceae	0	75	73	0	280	0	1870
k__Bacteria;p__Proteobacteria;c__Gammaproteobacteria;o__Xanthomonadales;f__Solimonadaceae	0	16	0	0	47	0	443
k__Bacteria;p__Proteobacteria;c__Gammaproteobacteria;o__Xanthomonadales;f__Xanthomonadaceae	391	2210	1998	418	2166	0	1553
k__Bacteria;p__Proteobacteria;c__NA;o__NA;f__NA	0	0	12	0	0	0	0
k__Bacteria;p__Saccharibacteria;c__NA;o__NA;f__NA	482	5845	5810	21	1448	0	1310
k__Bacteria;p__Spirochaetae;c__Spirochaetes;o__Spirochaetales;f__Leptospiraceae	0	0	12	0	0	0	0
k__Bacteria;p__Verrucomicrobia;c__NA;o__NA;f__NA	0	2618	1025	0	29	0	299
k__Bacteria;p__Verrucomicrobia;c__Opitutae;o__NA;f__NA	0	0	168	0	0	0	0
k__Bacteria;p__Verrucomicrobia;c__Opitutae;o__Opitutales;f__Opitutaceae	374	5932	2370	0	148	17	338
k__Bacteria;p__Verrucomicrobia;c__Spartobacteria;o__Chthoniobacterales;f__Chthoniobacteraceae	0	0	0	0	0	0	121
k__Bacteria;p__Verrucomicrobia;c__Spartobacteria;o__Chthoniobacterales;f__NA	0	0	0	0	0	0	19
k__Bacteria;p__Verrucomicrobia;c__Verrucomicrobiae;o__Verrucomicrobiales;f__Verrucomicrobiaceae	1314	903	707	549	94	54	111
