#taxa	R.Mid	R.Final	RM.Final	P.Mid	P.Final	PM.Mid	PM.Final
k__Bacteria;p__Acidobacteria;c__Acidobacteria;o__NA;f__NA;g__*Solibacter	0	29	30	0	0	0	81
k__Bacteria;p__Acidobacteria;c__Acidobacteria;o__NA;f__NA;g__Bryobacter	0	22	0	0	0	0	37
k__Bacteria;p__Acidobacteria;c__Acidobacteria;o__NA;f__NA;g__NA	43	563	483	85	177	0	767
k__Bacteria;p__Acidobacteria;c__Acidobacteria;o__NA;f__NA;g__bacterium	15	160	147	0	0	0	0
k__Bacteria;p__Actinobacteria;c__Acidimicrobiia;o__Acidimicrobiales;f__Acidimicrobiaceae;g__NA	19	80	92	0	76	0	639
k__Bacteria;p__Actinobacteria;c__Acidimicrobiia;o__Acidimicrobiales;f__Iamiaceae;g__Iamia	1183	580	394	126	268	41	417
k__Bacteria;p__Actinobacteria;c__Acidimicrobiia;o__Acidimicrobiales;f__NA;g__*Microthrix	752	420	594	92	105	42	259
k__Bacteria;p__Actinobacteria;c__Acidimicrobiia;o__Acidimicrobiales;f__NA;g__NA	462	2021	852	239	485	54	1468
k__Bacteria;p__Actinobacteria;c__Actinobacteria;o__Corynebacteriales;f__Dietziaceae;g__Dietzia	12	20	11	45	0	0	0
k__Bacteria;p__Actinobacteria;c__Actinobacteria;o__Corynebacteriales;f__Mycobacteriaceae;g__Mycobacterium	408	1472	822	671	652	78	2505
k__Bacteria;p__Actinobacteria;c__Actinobacteria;o__Corynebacteriales;f__Nocardiaceae;g__Gordonia	11	44	35	64	49	0	80
k__Bacteria;p__Actinobacteria;c__Actinobacteria;o__Corynebacteriales;f__Nocardiaceae;g__Nocardia	0	20	0	0	0	0	0
k__Bacteria;p__Actinobacteria;c__Actinobacteria;o__Corynebacteriales;f__Nocardiaceae;g__Rhodococcus	126	252	217	146	0	14	22
k__Bacteria;p__Actinobacteria;c__Actinobacteria;o__Corynebacteriales;f__Nocardiaceae;g__Williamsia	0	0	0	0	0	0	12
k__Bacteria;p__Actinobacteria;c__Actinobacteria;o__Frankiales;f__Cryptosporangiaceae;g__Fodinicola	32	14	32	22	31	0	0
k__Bacteria;p__Actinobacteria;c__Actinobacteria;o__Frankiales;f__Frankiaceae;g__Jatrophihabitans	0	0	0	18	48	0	20
k__Bacteria;p__Actinobacteria;c__Actinobacteria;o__Frankiales;f__Geodermatophilaceae;g__Blastococcus	0	36	13	0	0	0	0
k__Bacteria;p__Actinobacteria;c__Actinobacteria;o__Frankiales;f__Geodermatophilaceae;g__Blastococcus-Modestobacter	0	0	0	0	115	0	0
k__Bacteria;p__Actinobacteria;c__Actinobacteria;o__Frankiales;f__Geodermatophilaceae;g__Geodermatophilus	0	0	17	0	0	0	0
k__Bacteria;p__Actinobacteria;c__Actinobacteria;o__Frankiales;f__Geodermatophilaceae;g__Modestobacter	0	19	21	0	0	0	18
k__Bacteria;p__Actinobacteria;c__Actinobacteria;o__Frankiales;f__NA;g__NA	0	54	0	98	105	0	510
k__Bacteria;p__Actinobacteria;c__Actinobacteria;o__Frankiales;f__Nakamurellaceae;g__Nakamurella	0	0	0	0	0	0	12
k__Bacteria;p__Actinobacteria;c__Actinobacteria;o__Frankiales;f__Sporichthyaceae;g__NA	16	14	0	0	0	0	0
k__Bacteria;p__Actinobacteria;c__Actinobacteria;o__Frankiales;f__Sporichthyaceae;g__Sporichthya	0	0	0	0	0	0	37
k__Bacteria;p__Actinobacteria;c__Actinobacteria;o__Kineosporiales;f__Kineosporiaceae;g__Angustibacter	0	37	38	0	14	0	180
k__Bacteria;p__Actinobacteria;c__Actinobacteria;o__Micrococcales;f__Bogoriellaceae;g__Georgenia	14	14	21	0	0	0	0
k__Bacteria;p__Actinobacteria;c__Actinobacteria;o__Micrococcales;f__Cellulomonadaceae;g__Actinotalea	27	47	11	0	0	0	0
k__Bacteria;p__Actinobacteria;c__Actinobacteria;o__Micrococcales;f__Cellulomonadaceae;g__Actinotalea-Cellulomonas	34	46	107	0	0	0	0
k__Bacteria;p__Actinobacteria;c__Actinobacteria;o__Micrococcales;f__Cellulomonadaceae;g__Cellulomonas	58	127	132	0	0	0	0
k__Bacteria;p__Actinobacteria;c__Actinobacteria;o__Micrococcales;f__Dermabacteraceae;g__Brachybacterium	0	0	0	14	0	0	0
k__Bacteria;p__Actinobacteria;c__Actinobacteria;o__Micrococcales;f__Dermacoccaceae;g__Dermacoccus	0	0	0	28	11	0	30
k__Bacteria;p__Actinobacteria;c__Actinobacteria;o__Micrococcales;f__Dermacoccaceae;g__Yimella	0	0	0	11	0	0	0
k__Bacteria;p__Actinobacteria;c__Actinobacteria;o__Micrococcales;f__Intrasporangiaceae;g__Janibacter	0	18	14	0	0	0	0
k__Bacteria;p__Actinobacteria;c__Actinobacteria;o__Micrococcales;f__Intrasporangiaceae;g__Knoellia	42	16	35	0	0	0	0
k__Bacteria;p__Actinobacteria;c__Actinobacteria;o__Micrococcales;f__Intrasporangiaceae;g__Knoellia-Tetrasphaera	0	0	0	0	0	0	68
k__Bacteria;p__Actinobacteria;c__Actinobacteria;o__Micrococcales;f__Intrasporangiaceae;g__NA	0	72	0	50	36	0	127
k__Bacteria;p__Actinobacteria;c__Actinobacteria;o__Micrococcales;f__Intrasporangiaceae;g__Ornithinimicrobium	21	27	27	0	0	0	0
k__Bacteria;p__Actinobacteria;c__Actinobacteria;o__Micrococcales;f__Intrasporangiaceae;g__Phycicoccus	0	0	27	0	11	0	13
k__Bacteria;p__Actinobacteria;c__Actinobacteria;o__Micrococcales;f__Microbacteriaceae;g__Agrococcus	15	30	0	0	0	0	0
k__Bacteria;p__Actinobacteria;c__Actinobacteria;o__Micrococcales;f__Microbacteriaceae;g__Agrococcus-Chryseoglobus	0	0	16	0	0	0	0
k__Bacteria;p__Actinobacteria;c__Actinobacteria;o__Micrococcales;f__Microbacteriaceae;g__Chryseoglobus	0	0	0	0	31	0	114
k__Bacteria;p__Actinobacteria;c__Actinobacteria;o__Micrococcales;f__Microbacteriaceae;g__Clavibacter-Curtobacterium	0	0	12	0	0	0	0
k__Bacteria;p__Actinobacteria;c__Actinobacteria;o__Micrococcales;f__Microbacteriaceae;g__Curtobacterium	0	0	0	0	11	0	0
k__Bacteria;p__Actinobacteria;c__Actinobacteria;o__Micrococcales;f__Microbacteriaceae;g__Herbiconiux	0	11	0	152	0	0	0
k__Bacteria;p__Actinobacteria;c__Actinobacteria;o__Micrococcales;f__Microbacteriaceae;g__Labedella-Yonghaparkia	0	0	0	106	0	165	0
k__Bacteria;p__Actinobacteria;c__Actinobacteria;o__Micrococcales;f__Microbacteriaceae;g__Leifsonia	12	72	31	0	1071	0	1776
k__Bacteria;p__Actinobacteria;c__Actinobacteria;o__Micrococcales;f__Microbacteriaceae;g__Lysinimonas	79	659	410	30	261	0	690
k__Bacteria;p__Actinobacteria;c__Actinobacteria;o__Micrococcales;f__Microbacteriaceae;g__Microbacterium	535	513	599	1597	657	1733	890
k__Bacteria;p__Actinobacteria;c__Actinobacteria;o__Micrococcales;f__Microbacteriaceae;g__Salinibacterium	20	21	113	51	33	41	53
k__Bacteria;p__Actinobacteria;c__Actinobacteria;o__Micrococcales;f__Micrococcaceae;g__Arthrobacter	67	119	103	223	262	121	539
k__Bacteria;p__Actinobacteria;c__Actinobacteria;o__Micrococcales;f__Micrococcaceae;g__Arthrobacter-Glutamicibacter	0	0	0	333	91	123	91
k__Bacteria;p__Actinobacteria;c__Actinobacteria;o__Micrococcales;f__Micrococcaceae;g__Arthrobacter-Pseudarthrobacter	117	222	386	108	147	65	250
k__Bacteria;p__Actinobacteria;c__Actinobacteria;o__Micrococcales;f__Micrococcaceae;g__Kocuria	0	0	0	276	13	89	0
k__Bacteria;p__Actinobacteria;c__Actinobacteria;o__Micrococcales;f__Micrococcaceae;g__Paenarthrobacter	44	41	74	50	0	0	172
k__Bacteria;p__Actinobacteria;c__Actinobacteria;o__Micrococcales;f__Micrococcaceae;g__Pseudarthrobacter	0	134	377	0	0	0	89
k__Bacteria;p__Actinobacteria;c__Actinobacteria;o__Micromonosporales;f__Micromonosporaceae;g__Micromonospora	0	14	0	0	0	0	0
k__Bacteria;p__Actinobacteria;c__Actinobacteria;o__NA;f__NA;g__NA	490	168	144	46	376	28	820
k__Bacteria;p__Actinobacteria;c__Actinobacteria;o__Propionibacteriales;f__Nocardioidaceae;g__Aeromicrobium	41	40	0	203	86	151	183
k__Bacteria;p__Actinobacteria;c__Actinobacteria;o__Propionibacteriales;f__Nocardioidaceae;g__Marmoricola	25	86	244	0	0	0	0
k__Bacteria;p__Actinobacteria;c__Actinobacteria;o__Propionibacteriales;f__Nocardioidaceae;g__Marmoricola-Nocardioides	0	0	0	0	0	0	16
k__Bacteria;p__Actinobacteria;c__Actinobacteria;o__Propionibacteriales;f__Nocardioidaceae;g__NA	0	0	32	0	0	0	0
k__Bacteria;p__Actinobacteria;c__Actinobacteria;o__Propionibacteriales;f__Nocardioidaceae;g__Nocardioides	3134	9441	6094	436	2679	1636	4371
k__Bacteria;p__Actinobacteria;c__Actinobacteria;o__Propionibacteriales;f__Propionibacteriaceae;g__NA	0	0	17	0	0	0	0
k__Bacteria;p__Actinobacteria;c__Actinobacteria;o__Propionibacteriales;f__Propionibacteriaceae;g__Tessaracoccus	0	18	15	0	0	0	0
k__Bacteria;p__Actinobacteria;c__Actinobacteria;o__Pseudonocardiales;f__Pseudonocardiaceae;g__Actinomycetospora	0	0	24	0	0	0	0
k__Bacteria;p__Actinobacteria;c__Actinobacteria;o__Pseudonocardiales;f__Pseudonocardiaceae;g__Crossiella	0	17	12	0	0	0	0
k__Bacteria;p__Actinobacteria;c__Actinobacteria;o__Pseudonocardiales;f__Pseudonocardiaceae;g__Pseudonocardia	101	193	156	146	0	0	279
k__Bacteria;p__Actinobacteria;c__Actinobacteria;o__Pseudonocardiales;f__Pseudonocardiaceae;g__Saccharopolyspora	0	35	13	0	0	0	0
k__Bacteria;p__Actinobacteria;c__Actinobacteria;o__Streptomycetales;f__Streptomycetaceae;g__Streptomyces	77	321	169	0	0	0	0
k__Bacteria;p__Actinobacteria;c__Actinobacteria;o__Streptosporangiales;f__Thermomonosporaceae;g__Actinomadura	0	26	15	0	0	0	0
k__Bacteria;p__Actinobacteria;c__Thermoleophilia;o__Gaiellales;f__Gaiellaceae;g__Gaiella	0	0	0	0	0	0	24
k__Bacteria;p__Actinobacteria;c__Thermoleophilia;o__Gaiellales;f__NA;g__NA	0	122	211	129	86	0	311
k__Bacteria;p__Actinobacteria;c__Thermoleophilia;o__NA;f__NA;g__NA	0	37	11	0	0	0	0
k__Bacteria;p__Actinobacteria;c__Thermoleophilia;o__Solirubrobacterales;f__NA;g__Conexibacter	0	0	0	50	0	0	0
k__Bacteria;p__Actinobacteria;c__Thermoleophilia;o__Solirubrobacterales;f__NA;g__NA	0	36	11	13	15	0	16
k__Bacteria;p__Actinobacteria;c__Thermoleophilia;o__Solirubrobacterales;f__Patulibacteraceae;g__Patulibacter	0	68	40	67	0	0	75
k__Bacteria;p__Armatimonadetes;c__NA;o__NA;f__NA;g__NA	13	19	15	13	121	0	171
k__Bacteria;p__Armatimonadetes;c__NA;o__NA;f__NA;g__bacterium	0	0	23	0	0	0	13
k__Bacteria;p__Bacteroidetes;c__Cytophagia;o__Cytophagales;f__Cyclobacteriaceae;g__Algoriphagus	0	0	0	53	0	0	0
k__Bacteria;p__Bacteroidetes;c__Cytophagia;o__Cytophagales;f__Cytophagaceae;g__Cytophaga	19	545	495	0	33	0	48
k__Bacteria;p__Bacteroidetes;c__Cytophagia;o__Cytophagales;f__Cytophagaceae;g__Dyadobacter	262	566	178	146	88	86	328
k__Bacteria;p__Bacteroidetes;c__Cytophagia;o__Cytophagales;f__Cytophagaceae;g__Emticicia	0	131	149	24	42	0	97
k__Bacteria;p__Bacteroidetes;c__Cytophagia;o__Cytophagales;f__Cytophagaceae;g__Flectobacillus	0	0	21	0	0	0	0
k__Bacteria;p__Bacteroidetes;c__Cytophagia;o__Cytophagales;f__Cytophagaceae;g__Hymenobacter	0	0	23	0	0	0	0
k__Bacteria;p__Bacteroidetes;c__Cytophagia;o__Cytophagales;f__Cytophagaceae;g__Larkinella	0	0	15	0	0	0	0
k__Bacteria;p__Bacteroidetes;c__Cytophagia;o__Cytophagales;f__Cytophagaceae;g__NA	0	24	52	0	0	0	0
k__Bacteria;p__Bacteroidetes;c__Cytophagia;o__Cytophagales;f__Cytophagaceae;g__Ohtaekwangia	0	26	0	0	0	0	0
k__Bacteria;p__Bacteroidetes;c__Cytophagia;o__Cytophagales;f__Cytophagaceae;g__Pseudarcicella	0	0	0	0	0	0	38
k__Bacteria;p__Bacteroidetes;c__Cytophagia;o__Cytophagales;f__Cytophagaceae;g__Runella	0	0	0	27	0	29	0
k__Bacteria;p__Bacteroidetes;c__Cytophagia;o__Cytophagales;f__Cytophagaceae;g__Spirosoma	0	0	49	0	0	0	0
k__Bacteria;p__Bacteroidetes;c__Cytophagia;o__Cytophagales;f__Cytophagaceae;g__Sporocytophaga	0	23	32	0	0	0	0
k__Bacteria;p__Bacteroidetes;c__Cytophagia;o__Cytophagales;f__Flammeovirgaceae;g__*Amoebophilus	33	73	0	0	0	0	94
k__Bacteria;p__Bacteroidetes;c__Flavobacteriia;o__Flavobacteriales;f__Cryomorphaceae;g__Fluviicola	29	485	310	192	14	45	25
k__Bacteria;p__Bacteroidetes;c__Flavobacteriia;o__Flavobacteriales;f__Cryomorphaceae;g__Owenweeksia	0	83	25	0	171	0	0
k__Bacteria;p__Bacteroidetes;c__Flavobacteriia;o__Flavobacteriales;f__Flavobacteriaceae;g__Chryseobacterium	11	22	43	16	1174	0	46
k__Bacteria;p__Bacteroidetes;c__Flavobacteriia;o__Flavobacteriales;f__Flavobacteriaceae;g__Flavobacterium	1283	5131	3111	64	317	83	508
k__Bacteria;p__Bacteroidetes;c__Flavobacteriia;o__Flavobacteriales;f__NA;g__NA	0	0	0	0	73	0	0
k__Bacteria;p__Bacteroidetes;c__NA;o__NA;f__Rhodothermaceae;g__Rubrivirga	0	0	61	0	0	0	0
k__Bacteria;p__Bacteroidetes;c__Sphingobacteriia;o__Sphingobacteriales;f__Chitinophagaceae;g__Ferruginibacter	913	156	220	21	157	55	282
k__Bacteria;p__Bacteroidetes;c__Sphingobacteriia;o__Sphingobacteriales;f__Chitinophagaceae;g__Flavihumibacter	660	990	649	148	88	137	198
k__Bacteria;p__Bacteroidetes;c__Sphingobacteriia;o__Sphingobacteriales;f__Chitinophagaceae;g__Flavitalea	14	11	15	0	0	0	0
k__Bacteria;p__Bacteroidetes;c__Sphingobacteriia;o__Sphingobacteriales;f__Chitinophagaceae;g__Hydrotalea	0	98	104	94	78	0	502
k__Bacteria;p__Bacteroidetes;c__Sphingobacteriia;o__Sphingobacteriales;f__Chitinophagaceae;g__Hydrotalea-Sediminibacterium	0	254	48	0	64	0	108
k__Bacteria;p__Bacteroidetes;c__Sphingobacteriia;o__Sphingobacteriales;f__Chitinophagaceae;g__Lacibacter	344	1738	222	0	0	0	20
k__Bacteria;p__Bacteroidetes;c__Sphingobacteriia;o__Sphingobacteriales;f__Chitinophagaceae;g__NA	377	1127	726	29	299	16	676
k__Bacteria;p__Bacteroidetes;c__Sphingobacteriia;o__Sphingobacteriales;f__Chitinophagaceae;g__Parasegetibacter	22	89	100	0	0	26	28
k__Bacteria;p__Bacteroidetes;c__Sphingobacteriia;o__Sphingobacteriales;f__Chitinophagaceae;g__Taibaiella	39	522	101	31	261	0	155
k__Bacteria;p__Bacteroidetes;c__Sphingobacteriia;o__Sphingobacteriales;f__Chitinophagaceae;g__Terrimonas	198	579	322	0	61	0	103
k__Bacteria;p__Bacteroidetes;c__Sphingobacteriia;o__Sphingobacteriales;f__NA;g__NA	44	680	403	89	18	12	200
k__Bacteria;p__Bacteroidetes;c__Sphingobacteriia;o__Sphingobacteriales;f__Saprospiraceae;g__NA	0	25	0	0	0	0	0
k__Bacteria;p__Bacteroidetes;c__Sphingobacteriia;o__Sphingobacteriales;f__Saprospiraceae;g__Phaeodactylibacter	0	147	29	0	0	0	266
k__Bacteria;p__Bacteroidetes;c__Sphingobacteriia;o__Sphingobacteriales;f__Sphingobacteriaceae;g__Arcticibacter	319	635	349	84	245	19	58
k__Bacteria;p__Bacteroidetes;c__Sphingobacteriia;o__Sphingobacteriales;f__Sphingobacteriaceae;g__Mucilaginibacter	0	55	0	0	883	0	402
k__Bacteria;p__Bacteroidetes;c__Sphingobacteriia;o__Sphingobacteriales;f__Sphingobacteriaceae;g__NA	23	13	141	0	71	0	145
k__Bacteria;p__Bacteroidetes;c__Sphingobacteriia;o__Sphingobacteriales;f__Sphingobacteriaceae;g__Parapedobacter	0	0	21	0	0	0	0
k__Bacteria;p__Bacteroidetes;c__Sphingobacteriia;o__Sphingobacteriales;f__Sphingobacteriaceae;g__Pedobacter	59	392	243	82	1075	24	647
k__Bacteria;p__Bacteroidetes;c__Sphingobacteriia;o__Sphingobacteriales;f__Sphingobacteriaceae;g__Sphingobacterium	22	0	0	0	88	0	0
k__Bacteria;p__Chlamydiae;c__Chlamydiae;o__Chlamydiales;f__Chlamydiaceae;g__NA	0	21	0	0	0	0	0
k__Bacteria;p__Chlamydiae;c__Chlamydiae;o__Chlamydiales;f__Parachlamydiaceae;g__*Protochlamydia	24	196	521	50	130	14	181
k__Bacteria;p__Chlamydiae;c__Chlamydiae;o__Chlamydiales;f__Parachlamydiaceae;g__Neochlamydia	0	187	68	0	0	0	0
k__Bacteria;p__Chlamydiae;c__Chlamydiae;o__Chlamydiales;f__Parachlamydiaceae;g__Parachlamydia	134	818	1318	46	1323	0	1881
k__Bacteria;p__Chlamydiae;c__Chlamydiae;o__Chlamydiales;f__Simkaniaceae;g__*Rhabdochlamydia	0	37	14	0	0	0	38
k__Bacteria;p__Chlorobi;c__Chlorobia;o__Chlorobiales;f__NA;g__NA	0	175	620	12	67	0	188
k__Bacteria;p__Chloroflexi;c__Anaerolineae;o__Anaerolineales;f__Anaerolineaceae;g__NA	0	15	29	0	0	0	0
k__Bacteria;p__Chloroflexi;c__Caldilineae;o__Caldilineales;f__Caldilineaceae;g__Caldilinea	0	0	0	0	0	0	27
k__Bacteria;p__Chloroflexi;c__Caldilineae;o__Caldilineales;f__Caldilineaceae;g__NA	0	158	48	0	49	0	554
k__Bacteria;p__Chloroflexi;c__Chloroflexia;o__Kallotenuales;f__NA;g__NA	0	26	0	0	0	0	0
k__Bacteria;p__Chloroflexi;c__Ktedonobacteria;o__NA;f__NA;g__NA	0	14	0	0	0	0	0
k__Bacteria;p__Chloroflexi;c__NA;o__NA;f__NA;g__NA	0	350	187	43	0	0	108
k__Bacteria;p__Chloroflexi;c__Thermomicrobia;o__NA;f__NA;g__NA	237	989	759	13	32	0	201
k__Bacteria;p__Cyanobacteria;c__Chloroplast;o__Acutodesmus obliquus;f__NA;g__NA	0	16	37	246	56	0	0
k__Bacteria;p__Cyanobacteria;c__Chloroplast;o__Arachis hypogaea var. vulgaris;f__Arachis hypogaea var. vulgaris;g__Arachis	402	443	471	1258	0	0	36
k__Bacteria;p__Cyanobacteria;c__Chloroplast;o__Athetis lepigone;f__Athetis lepigone;g__NA	0	28	0	0	0	0	0
k__Bacteria;p__Cyanobacteria;c__Chloroplast;o__Chlamydomonas reinhardtii;f__NA;g__NA	11	0	0	0	0	0	0
k__Bacteria;p__Cyanobacteria;c__Chloroplast;o__Monoraphidium neglectum;f__Monoraphidium neglectum;g__NA	27737	16330	4602	64519	8757	60551	15691
k__Bacteria;p__Cyanobacteria;c__Chloroplast;o__NA;f__NA;g__NA	0	13229	4278	32	517	0	165
k__Bacteria;p__Cyanobacteria;c__Chloroplast;o__Navicula phyllepta;f__Navicula phyllepta;g__Navicula	1548	800	4518	0	213	12	73
k__Bacteria;p__Cyanobacteria;c__Chloroplast;o__Nitzschia closterium;f__Nitzschia closterium;g__Nitzschia	0	0	3571	0	11	0	27
k__Bacteria;p__Cyanobacteria;c__Chloroplast;o__Oophila amblystomatis;f__Oophila amblystomatis;g__NA	14	0	23	0	0	0	0
k__Bacteria;p__Cyanobacteria;c__Cyanobacteria;o__NA;f__FamilyII;g__Chroococcidiopsis	0	16	0	0	0	0	0
k__Bacteria;p__Cyanobacteria;c__Melainabacteria;o__Vampirovibrionales;f__Vampirovibrio chlorellavorus;g__NA	0	0	0	0	20	0	27
k__Bacteria;p__Cyanobacteria;c__NA;o__NA;f__NA;g__NA	109	1119	1190	0	37	0	1137
k__Bacteria;p__Deinococcus-Thermus;c__Deinococci;o__Deinococcales;f__Deinococcaceae;g__Deinococcus	0	0	540	0	0	0	0
k__Bacteria;p__Deinococcus-Thermus;c__Deinococci;o__Deinococcales;f__Trueperaceae;g__Truepera	0	11	0	0	0	0	0
k__Bacteria;p__Elusimicrobia;c__Elusimicrobia;o__NA;f__NA;g__NA	0	0	0	0	0	0	225
k__Bacteria;p__Firmicutes;c__Bacilli;o__Bacillales;f__Bacillaceae;g__Bacillus	344	1485	304	0	1349	0	26
k__Bacteria;p__Firmicutes;c__Bacilli;o__Bacillales;f__Family XII;g__Exiguobacterium	133	14	103	0	0	0	18
k__Bacteria;p__Firmicutes;c__Bacilli;o__Bacillales;f__NA;g__NA	0	244	246	803	869	366	1084
k__Bacteria;p__Firmicutes;c__Bacilli;o__Bacillales;f__Paenibacillaceae;g__Cohnella	0	17	40	0	17	0	62
k__Bacteria;p__Firmicutes;c__Bacilli;o__Bacillales;f__Paenibacillaceae;g__Oxalophagus	0	19	40	0	0	0	0
k__Bacteria;p__Firmicutes;c__Bacilli;o__Bacillales;f__Paenibacillaceae;g__Paenibacillus	69	673	120	12	156	0	213
k__Bacteria;p__Firmicutes;c__Bacilli;o__Bacillales;f__Paenibacillaceae;g__Thermobacillus	0	14	0	0	0	0	0
k__Bacteria;p__Firmicutes;c__Bacilli;o__Bacillales;f__Planococcaceae;g__Domibacillus	0	0	0	0	0	259	0
k__Bacteria;p__Firmicutes;c__Bacilli;o__Bacillales;f__Planococcaceae;g__Jeotgalibacillus	0	0	0	740	0	0	0
k__Bacteria;p__Firmicutes;c__Clostridia;o__Clostridiales;f__NA;g__NA	0	30	0	0	0	0	0
k__Bacteria;p__Gemmatimonadetes;c__Gemmatimonadetes;o__Gemmatimonadales;f__Gemmatimonadaceae;g__Gemmatimonas	166	1358	792	17	117	14	625
k__Bacteria;p__Gemmatimonadetes;c__Gemmatimonadetes;o__Gemmatimonadales;f__Gemmatimonadaceae;g__NA	81	342	368	0	109	33	698
k__Bacteria;p__Gracilibacteria;c__NA;o__NA;f__NA;g__NA	122	527	174	386	129	18	155
k__Bacteria;p__Hydrogenedentes;c__NA;o__NA;f__NA;g__NA	0	224	30	0	27	0	36
k__Bacteria;p__NA;c__NA;o__NA;f__NA;g__NA	32	0	19	50	0	0	247
k__Bacteria;p__Parcubacteria;c__NA;o__NA;f__NA;g__NA	48	298	1102	0	0	0	251
k__Bacteria;p__Planctomycetes;c__NA;o__NA;f__NA;g__NA	0	26	34	0	0	0	0
k__Bacteria;p__Planctomycetes;c__Phycisphaerae;o__NA;f__NA;g__NA	31	116	245	0	200	0	316
k__Bacteria;p__Planctomycetes;c__Planctomycetacia;o__Planctomycetales;f__Planctomycetaceae;g__Gemmata	117	152	135	0	0	13	144
k__Bacteria;p__Planctomycetes;c__Planctomycetacia;o__Planctomycetales;f__Planctomycetaceae;g__Isosphaera	171	97	35	24	199	19	168
k__Bacteria;p__Planctomycetes;c__Planctomycetacia;o__Planctomycetales;f__Planctomycetaceae;g__NA	2118	983	1289	3358	374	593	2256
k__Bacteria;p__Planctomycetes;c__Planctomycetacia;o__Planctomycetales;f__Planctomycetaceae;g__Pirellula	231	445	367	133	22	14	106
k__Bacteria;p__Planctomycetes;c__Planctomycetacia;o__Planctomycetales;f__Planctomycetaceae;g__Planctomyces	87	613	623	77	247	11	1093
k__Bacteria;p__Planctomycetes;c__Planctomycetacia;o__Planctomycetales;f__Planctomycetaceae;g__Schlesneria	290	81	56	338	74	433	112
k__Bacteria;p__Planctomycetes;c__Planctomycetacia;o__Planctomycetales;f__Planctomycetaceae;g__Singulisphaera	224	273	193	26	97	0	196
k__Bacteria;p__Proteobacteria;c__Alphaproteobacteria;o__Caulobacterales;f__Caulobacteraceae;g__Asticcacaulis	40	1030	475	0	1796	0	1668
k__Bacteria;p__Proteobacteria;c__Alphaproteobacteria;o__Caulobacterales;f__Caulobacteraceae;g__Brevundimonas	203	887	571	1043	53	227	259
k__Bacteria;p__Proteobacteria;c__Alphaproteobacteria;o__Caulobacterales;f__Caulobacteraceae;g__Caulobacter	183	802	658	32	181	46	301
k__Bacteria;p__Proteobacteria;c__Alphaproteobacteria;o__Caulobacterales;f__Caulobacteraceae;g__Caulobacter-Phenylobacterium	0	0	14	0	13	0	0
k__Bacteria;p__Proteobacteria;c__Alphaproteobacteria;o__Caulobacterales;f__Caulobacteraceae;g__NA	72	934	223	192	32	152	62
k__Bacteria;p__Proteobacteria;c__Alphaproteobacteria;o__Caulobacterales;f__Caulobacteraceae;g__Phenylobacterium	53	628	227	12	198	47	431
k__Bacteria;p__Proteobacteria;c__Alphaproteobacteria;o__Caulobacterales;f__Hyphomonadaceae;g__Hirschia	127	157	70	16	15	36	91
k__Bacteria;p__Proteobacteria;c__Alphaproteobacteria;o__Caulobacterales;f__Hyphomonadaceae;g__Woodsholea	0	0	0	0	0	0	263
k__Bacteria;p__Proteobacteria;c__Alphaproteobacteria;o__NA;f__NA;g__NA	0	0	25	105	0	0	75
k__Bacteria;p__Proteobacteria;c__Alphaproteobacteria;o__Rhizobiales;f__Aurantimonadaceae;g__Aureimonas	0	0	16	0	0	24	0
k__Bacteria;p__Proteobacteria;c__Alphaproteobacteria;o__Rhizobiales;f__Beijerinckiaceae;g__Methylocapsa-Methylocella	29	81	28	0	0	0	0
k__Bacteria;p__Proteobacteria;c__Alphaproteobacteria;o__Rhizobiales;f__Beijerinckiaceae;g__Methylocella	0	0	15	0	0	0	0
k__Bacteria;p__Proteobacteria;c__Alphaproteobacteria;o__Rhizobiales;f__Bradyrhizobiaceae;g__Afipia	0	133	44	24	203	0	139
k__Bacteria;p__Proteobacteria;c__Alphaproteobacteria;o__Rhizobiales;f__Bradyrhizobiaceae;g__Afipia-Bradyrhizobium	0	88	0	0	77	0	118
k__Bacteria;p__Proteobacteria;c__Alphaproteobacteria;o__Rhizobiales;f__Bradyrhizobiaceae;g__Bradyrhizobium	0	0	17	28	0	0	21
k__Bacteria;p__Proteobacteria;c__Alphaproteobacteria;o__Rhizobiales;f__Bradyrhizobiaceae;g__NA	308	913	445	564	452	41	1153
k__Bacteria;p__Proteobacteria;c__Alphaproteobacteria;o__Rhizobiales;f__Bradyrhizobiaceae;g__Nitrobacter	67	48	36	54	67	0	411
k__Bacteria;p__Proteobacteria;c__Alphaproteobacteria;o__Rhizobiales;f__Bradyrhizobiaceae;g__Rhodopseudomonas	66	130	103	120	165	0	232
k__Bacteria;p__Proteobacteria;c__Alphaproteobacteria;o__Rhizobiales;f__Brucellaceae;g__Pseudochrobactrum	16	43	19	0	47	0	74
k__Bacteria;p__Proteobacteria;c__Alphaproteobacteria;o__Rhizobiales;f__Hyphomicrobiaceae;g__Devosia	1334	1657	928	2074	757	744	1184
k__Bacteria;p__Proteobacteria;c__Alphaproteobacteria;o__Rhizobiales;f__Hyphomicrobiaceae;g__Devosia-Vasilyevaea	11	0	0	0	0	0	0
k__Bacteria;p__Proteobacteria;c__Alphaproteobacteria;o__Rhizobiales;f__Hyphomicrobiaceae;g__Hyphomicrobium	490	2933	2706	166	214	22	941
k__Bacteria;p__Proteobacteria;c__Alphaproteobacteria;o__Rhizobiales;f__Hyphomicrobiaceae;g__Pedomicrobium	0	31	0	0	0	0	12
k__Bacteria;p__Proteobacteria;c__Alphaproteobacteria;o__Rhizobiales;f__Hyphomicrobiaceae;g__Prosthecomicrobium	27	51	57	56	0	0	29
k__Bacteria;p__Proteobacteria;c__Alphaproteobacteria;o__Rhizobiales;f__Hyphomicrobiaceae;g__Rhodoplanes	0	22	24	73	0	0	41
k__Bacteria;p__Proteobacteria;c__Alphaproteobacteria;o__Rhizobiales;f__Hyphomicrobiaceae;g__Vasilyevaea	75	53	14	187	0	172	0
k__Bacteria;p__Proteobacteria;c__Alphaproteobacteria;o__Rhizobiales;f__Methylobacteriaceae;g__Methylobacterium	0	34	321	0	11	0	0
k__Bacteria;p__Proteobacteria;c__Alphaproteobacteria;o__Rhizobiales;f__Methylobacteriaceae;g__Microvirga	34	73	61	0	0	0	0
k__Bacteria;p__Proteobacteria;c__Alphaproteobacteria;o__Rhizobiales;f__Methylobacteriaceae;g__NA	0	29	71	0	81	0	287
k__Bacteria;p__Proteobacteria;c__Alphaproteobacteria;o__Rhizobiales;f__Methylocystaceae;g__Methylocystis	20	0	27	0	13	0	12
k__Bacteria;p__Proteobacteria;c__Alphaproteobacteria;o__Rhizobiales;f__NA;g__Alsobacter	0	0	0	0	0	0	25
k__Bacteria;p__Proteobacteria;c__Alphaproteobacteria;o__Rhizobiales;f__NA;g__Bauldia	189	147	47	117	43	71	61
k__Bacteria;p__Proteobacteria;c__Alphaproteobacteria;o__Rhizobiales;f__NA;g__NA	466	921	351	379	136	70	261
k__Bacteria;p__Proteobacteria;c__Alphaproteobacteria;o__Rhizobiales;f__NA;g__Phreatobacter	0	0	0	494	0	0	0
k__Bacteria;p__Proteobacteria;c__Alphaproteobacteria;o__Rhizobiales;f__NA;g__Rhizomicrobium	0	561	311	0	147	0	248
k__Bacteria;p__Proteobacteria;c__Alphaproteobacteria;o__Rhizobiales;f__Phyllobacteriaceae;g__Aliihoeflea	0	0	0	68	0	0	0
k__Bacteria;p__Proteobacteria;c__Alphaproteobacteria;o__Rhizobiales;f__Phyllobacteriaceae;g__Aminobacter	29	69	21	109	0	0	14
k__Bacteria;p__Proteobacteria;c__Alphaproteobacteria;o__Rhizobiales;f__Phyllobacteriaceae;g__Aminobacter-Mesorhizobium	43	38	72	37	0	0	17
k__Bacteria;p__Proteobacteria;c__Alphaproteobacteria;o__Rhizobiales;f__Phyllobacteriaceae;g__Mesorhizobium	211	322	347	156	1049	19	1187
k__Bacteria;p__Proteobacteria;c__Alphaproteobacteria;o__Rhizobiales;f__Phyllobacteriaceae;g__Mesorhizobium-Phyllobacterium	32	50	38	31	192	14	865
k__Bacteria;p__Proteobacteria;c__Alphaproteobacteria;o__Rhizobiales;f__Phyllobacteriaceae;g__Nitratireductor-Phyllobacterium	0	0	0	0	0	0	28
k__Bacteria;p__Proteobacteria;c__Alphaproteobacteria;o__Rhizobiales;f__Rhizobiaceae;g__Agrobacterium-Rhizobium	132	108	48	213	54	35	82
k__Bacteria;p__Proteobacteria;c__Alphaproteobacteria;o__Rhizobiales;f__Rhizobiaceae;g__Ensifer	130	84	103	127	65	95	84
k__Bacteria;p__Proteobacteria;c__Alphaproteobacteria;o__Rhizobiales;f__Rhizobiaceae;g__Ensifer-Rhizobium	0	28	127	34	232	0	212
k__Bacteria;p__Proteobacteria;c__Alphaproteobacteria;o__Rhizobiales;f__Rhizobiaceae;g__Ensifer-Shinella	514	1109	331	138	27	0	599
k__Bacteria;p__Proteobacteria;c__Alphaproteobacteria;o__Rhizobiales;f__Rhizobiaceae;g__Kaistia	1561	715	308	467	434	137	454
k__Bacteria;p__Proteobacteria;c__Alphaproteobacteria;o__Rhizobiales;f__Rhizobiaceae;g__Rhizobium	1242	2299	1446	13321	3849	9369	4215
k__Bacteria;p__Proteobacteria;c__Alphaproteobacteria;o__Rhizobiales;f__Rhizobiaceae;g__Rhizobium-Shinella	75	0	91	231	15	84	39
k__Bacteria;p__Proteobacteria;c__Alphaproteobacteria;o__Rhizobiales;f__Rhizobiaceae;g__Shinella	2526	1248	1159	5413	674	327	1014
k__Bacteria;p__Proteobacteria;c__Alphaproteobacteria;o__Rhizobiales;f__Rhodobiaceae;g__Parvibaculum	0	0	0	0	27	0	68
k__Bacteria;p__Proteobacteria;c__Alphaproteobacteria;o__Rhizobiales;f__Xanthobacteraceae;g__Ancylobacter	83	77	24	767	70	56	405
k__Bacteria;p__Proteobacteria;c__Alphaproteobacteria;o__Rhizobiales;f__Xanthobacteraceae;g__Pseudolabrys	208	1202	887	26	176	0	342
k__Bacteria;p__Proteobacteria;c__Alphaproteobacteria;o__Rhizobiales;f__Xanthobacteraceae;g__Pseudoxanthobacter	105	74	11	340	0	29	70
k__Bacteria;p__Proteobacteria;c__Alphaproteobacteria;o__Rhizobiales;f__Xanthobacteraceae;g__Starkeya	0	0	0	20	0	0	0
k__Bacteria;p__Proteobacteria;c__Alphaproteobacteria;o__Rhizobiales;f__Xanthobacteraceae;g__Variibacter	180	759	103	31	13	0	63
k__Bacteria;p__Proteobacteria;c__Alphaproteobacteria;o__Rhizobiales;f__Xanthobacteraceae;g__Xanthobacter	23	0	0	65	0	0	41
k__Bacteria;p__Proteobacteria;c__Alphaproteobacteria;o__Rhodobacterales;f__Rhodobacteraceae;g__Gemmobacter	52	0	22	36	0	0	0
k__Bacteria;p__Proteobacteria;c__Alphaproteobacteria;o__Rhodobacterales;f__Rhodobacteraceae;g__NA	419	16	13	349	0	63	0
k__Bacteria;p__Proteobacteria;c__Alphaproteobacteria;o__Rhodobacterales;f__Rhodobacteraceae;g__Paracocccus-Paracoccus	44	125	48	0	46	0	197
k__Bacteria;p__Proteobacteria;c__Alphaproteobacteria;o__Rhodobacterales;f__Rhodobacteraceae;g__Paracoccus	0	0	0	590	49	1370	218
k__Bacteria;p__Proteobacteria;c__Alphaproteobacteria;o__Rhodobacterales;f__Rhodobacteraceae;g__Rhodobacter	140	0	30	229	0	0	0
k__Bacteria;p__Proteobacteria;c__Alphaproteobacteria;o__Rhodospirillales;f__Acetobacteraceae;g__Acidocella	11	58	11	0	14	0	142
k__Bacteria;p__Proteobacteria;c__Alphaproteobacteria;o__Rhodospirillales;f__Acetobacteraceae;g__Endobacter	0	0	0	0	18	0	16
k__Bacteria;p__Proteobacteria;c__Alphaproteobacteria;o__Rhodospirillales;f__Acetobacteraceae;g__Roseomonas	106	131	69	377	0	193	56
k__Bacteria;p__Proteobacteria;c__Alphaproteobacteria;o__Rhodospirillales;f__NA;g__Geminicoccus	13	80	12	0	21	0	0
k__Bacteria;p__Proteobacteria;c__Alphaproteobacteria;o__Rhodospirillales;f__NA;g__NA	11	125	164	0	76	0	244
k__Bacteria;p__Proteobacteria;c__Alphaproteobacteria;o__Rhodospirillales;f__NA;g__Reyranella	641	296	144	383	393	333	708
k__Bacteria;p__Proteobacteria;c__Alphaproteobacteria;o__Rhodospirillales;f__Rhodospirillaceae;g__Azospirillum	213	194	224	70	176	14	173
k__Bacteria;p__Proteobacteria;c__Alphaproteobacteria;o__Rhodospirillales;f__Rhodospirillaceae;g__Defluviicoccus	50	230	327	17	58	25	392
k__Bacteria;p__Proteobacteria;c__Alphaproteobacteria;o__Rhodospirillales;f__Rhodospirillaceae;g__Dongia	0	61	114	0	33	0	393
k__Bacteria;p__Proteobacteria;c__Alphaproteobacteria;o__Rhodospirillales;f__Rhodospirillaceae;g__Ferrovibrio	0	195	259	0	25	19	114
k__Bacteria;p__Proteobacteria;c__Alphaproteobacteria;o__Rhodospirillales;f__Rhodospirillaceae;g__Inquilinus	0	12	26	26	39	0	43
k__Bacteria;p__Proteobacteria;c__Alphaproteobacteria;o__Rhodospirillales;f__Rhodospirillaceae;g__Magnetospirillum	0	0	11	0	0	0	0
k__Bacteria;p__Proteobacteria;c__Alphaproteobacteria;o__Rhodospirillales;f__Rhodospirillaceae;g__NA	20	938	407	0	40	11	220
k__Bacteria;p__Proteobacteria;c__Alphaproteobacteria;o__Rickettsiales;f__Holosporaceae;g__NA	27	221	196	0	34	51	142
k__Bacteria;p__Proteobacteria;c__Alphaproteobacteria;o__Rickettsiales;f__Mitochondria;g__Andalucia godoyi	0	16	31	0	0	0	0
k__Bacteria;p__Proteobacteria;c__Alphaproteobacteria;o__Rickettsiales;f__Mitochondria;g__NA	0	70	11	0	0	0	0
k__Bacteria;p__Proteobacteria;c__Alphaproteobacteria;o__Rickettsiales;f__Mitochondria;g__Salvia miltiorrhiza-Sanguinaria	0	94	25	0	0	0	0
k__Bacteria;p__Proteobacteria;c__Alphaproteobacteria;o__Rickettsiales;f__Mitochondria;g__Sanguinaria	0	3185	1165	0	179	0	33
k__Bacteria;p__Proteobacteria;c__Alphaproteobacteria;o__Rickettsiales;f__NA;g__*Captivus	13	25	15	0	27	0	0
k__Bacteria;p__Proteobacteria;c__Alphaproteobacteria;o__Rickettsiales;f__NA;g__*Lariskella-*Midichloria	0	46	0	0	0	0	0
k__Bacteria;p__Proteobacteria;c__Alphaproteobacteria;o__Rickettsiales;f__NA;g__*Odyssella	0	0	0	0	183	0	0
k__Bacteria;p__Proteobacteria;c__Alphaproteobacteria;o__Rickettsiales;f__NA;g__NA	51	88	39	0	54	0	292
k__Bacteria;p__Proteobacteria;c__Alphaproteobacteria;o__Rickettsiales;f__NA;g__Reticulomyxa filosa	0	49	0	0	0	0	0
k__Bacteria;p__Proteobacteria;c__Alphaproteobacteria;o__Rickettsiales;f__Rickettsiaceae;g__*Gigarickettsia	0	54	0	0	0	0	0
k__Bacteria;p__Proteobacteria;c__Alphaproteobacteria;o__Rickettsiales;f__Rickettsiaceae;g__NA	225	215	0	0	0	0	135
k__Bacteria;p__Proteobacteria;c__Alphaproteobacteria;o__Rickettsiales;f__Rickettsiaceae;g__Rickettsia	38	131	19	0	11	0	115
k__Bacteria;p__Proteobacteria;c__Alphaproteobacteria;o__Sphingomonadales;f__Erythrobacteraceae;g__Altererythrobacter	103	1006	532	25	0	0	15
k__Bacteria;p__Proteobacteria;c__Alphaproteobacteria;o__Sphingomonadales;f__Erythrobacteraceae;g__Altererythrobacter-Porphyrobacter	0	230	12	0	0	0	0
k__Bacteria;p__Proteobacteria;c__Alphaproteobacteria;o__Sphingomonadales;f__Erythrobacteraceae;g__Erythrobacter	0	20	0	0	0	0	0
k__Bacteria;p__Proteobacteria;c__Alphaproteobacteria;o__Sphingomonadales;f__Erythrobacteraceae;g__NA	27	652	246	0	0	0	0
k__Bacteria;p__Proteobacteria;c__Alphaproteobacteria;o__Sphingomonadales;f__Erythrobacteraceae;g__Porphyrobacter	44	84	82	827	0	46	0
k__Bacteria;p__Proteobacteria;c__Alphaproteobacteria;o__Sphingomonadales;f__NA;g__NA	83	205	48	46	0	47	11
k__Bacteria;p__Proteobacteria;c__Alphaproteobacteria;o__Sphingomonadales;f__NA;g__bacterium	0	0	11	0	0	0	0
k__Bacteria;p__Proteobacteria;c__Alphaproteobacteria;o__Sphingomonadales;f__Sphingomonadaceae;g__Blastomonas	535	31	103	2989	22	6233	78
k__Bacteria;p__Proteobacteria;c__Alphaproteobacteria;o__Sphingomonadales;f__Sphingomonadaceae;g__Novosphingobium	439	396	64	164	44	52	159
k__Bacteria;p__Proteobacteria;c__Alphaproteobacteria;o__Sphingomonadales;f__Sphingomonadaceae;g__Sphingobium	141	943	718	99	758	0	1325
k__Bacteria;p__Proteobacteria;c__Alphaproteobacteria;o__Sphingomonadales;f__Sphingomonadaceae;g__Sphingobium-Sphingomonas	112	626	154	0	158	0	141
k__Bacteria;p__Proteobacteria;c__Alphaproteobacteria;o__Sphingomonadales;f__Sphingomonadaceae;g__Sphingomonas	12	253	260	319	39	98	61
k__Bacteria;p__Proteobacteria;c__Alphaproteobacteria;o__Sphingomonadales;f__Sphingomonadaceae;g__Sphingopyxis	341	573	250	317	404	40	1017
k__Bacteria;p__Proteobacteria;c__Alphaproteobacteria;o__Sphingomonadales;f__Sphingomonadaceae;g__Sphingosinicella	12	12	0	0	0	0	0
k__Bacteria;p__Proteobacteria;c__Betaproteobacteria;o__Burkholderiales;f__Alcaligenaceae;g__Achromobacter	0	63	14	15	135	86	0
k__Bacteria;p__Proteobacteria;c__Betaproteobacteria;o__Burkholderiales;f__Burkholderiaceae;g__Burkholderia	0	21	0	0	0	0	0
k__Bacteria;p__Proteobacteria;c__Betaproteobacteria;o__Burkholderiales;f__Burkholderiaceae;g__Cupriavidus	34	102	0	0	40	13	973
k__Bacteria;p__Proteobacteria;c__Betaproteobacteria;o__Burkholderiales;f__Burkholderiaceae;g__Lautropia	0	16	0	0	0	0	0
k__Bacteria;p__Proteobacteria;c__Betaproteobacteria;o__Burkholderiales;f__Burkholderiaceae;g__Limnobacter	0	0	0	114	0	80	0
k__Bacteria;p__Proteobacteria;c__Betaproteobacteria;o__Burkholderiales;f__Burkholderiaceae;g__Pandoraea	0	0	0	0	11	0	0
k__Bacteria;p__Proteobacteria;c__Betaproteobacteria;o__Burkholderiales;f__Burkholderiaceae;g__Ralstonia	0	15	0	0	0	0	0
k__Bacteria;p__Proteobacteria;c__Betaproteobacteria;o__Burkholderiales;f__Comamonadaceae;g__Acidovorax	145	508	328	342	179	25	1061
k__Bacteria;p__Proteobacteria;c__Betaproteobacteria;o__Burkholderiales;f__Comamonadaceae;g__Alicycliphilus	13	150	146	0	0	0	46
k__Bacteria;p__Proteobacteria;c__Betaproteobacteria;o__Burkholderiales;f__Comamonadaceae;g__Aquabacterium	0	191	20	0	0	0	0
k__Bacteria;p__Proteobacteria;c__Betaproteobacteria;o__Burkholderiales;f__Comamonadaceae;g__Aquincola	103	133	25	0	0	0	33
k__Bacteria;p__Proteobacteria;c__Betaproteobacteria;o__Burkholderiales;f__Comamonadaceae;g__Azohydromonas	104	87	90	0	0	0	20
k__Bacteria;p__Proteobacteria;c__Betaproteobacteria;o__Burkholderiales;f__Comamonadaceae;g__Caenimonas	40	303	327	13	57	0	22
k__Bacteria;p__Proteobacteria;c__Betaproteobacteria;o__Burkholderiales;f__Comamonadaceae;g__Caenimonas-Xenophilus	69	93	0	0	0	0	0
k__Bacteria;p__Proteobacteria;c__Betaproteobacteria;o__Burkholderiales;f__Comamonadaceae;g__Comamonas	207	287	0	19	0	0	26
k__Bacteria;p__Proteobacteria;c__Betaproteobacteria;o__Burkholderiales;f__Comamonadaceae;g__Curvibacter	14	0	0	31	0	41	0
k__Bacteria;p__Proteobacteria;c__Betaproteobacteria;o__Burkholderiales;f__Comamonadaceae;g__Delftia	0	0	0	0	0	0	77
k__Bacteria;p__Proteobacteria;c__Betaproteobacteria;o__Burkholderiales;f__Comamonadaceae;g__Hydrogenophaga	792	1290	511	859	66	171	76
k__Bacteria;p__Proteobacteria;c__Betaproteobacteria;o__Burkholderiales;f__Comamonadaceae;g__Leptothrix	61	38	75	0	0	0	335
k__Bacteria;p__Proteobacteria;c__Betaproteobacteria;o__Burkholderiales;f__Comamonadaceae;g__Methylibium	40	26	12	31	11	0	86
k__Bacteria;p__Proteobacteria;c__Betaproteobacteria;o__Burkholderiales;f__Comamonadaceae;g__Mitsuaria	0	64	73	0	480	0	446
k__Bacteria;p__Proteobacteria;c__Betaproteobacteria;o__Burkholderiales;f__Comamonadaceae;g__NA	48	35	26	0	190	0	163
k__Bacteria;p__Proteobacteria;c__Betaproteobacteria;o__Burkholderiales;f__Comamonadaceae;g__Ottowia	27	264	85	0	0	0	0
k__Bacteria;p__Proteobacteria;c__Betaproteobacteria;o__Burkholderiales;f__Comamonadaceae;g__Pelomonas	25	66	63	0	0	0	0
k__Bacteria;p__Proteobacteria;c__Betaproteobacteria;o__Burkholderiales;f__Comamonadaceae;g__Piscinibacter	0	0	33	0	0	0	0
k__Bacteria;p__Proteobacteria;c__Betaproteobacteria;o__Burkholderiales;f__Comamonadaceae;g__Polaromonas	0	0	0	0	0	0	27
k__Bacteria;p__Proteobacteria;c__Betaproteobacteria;o__Burkholderiales;f__Comamonadaceae;g__Pseudacidovorax	0	0	0	0	85	0	168
k__Bacteria;p__Proteobacteria;c__Betaproteobacteria;o__Burkholderiales;f__Comamonadaceae;g__Ramlibacter	16	38	76	0	0	0	0
k__Bacteria;p__Proteobacteria;c__Betaproteobacteria;o__Burkholderiales;f__Comamonadaceae;g__Rhizobacter	0	84	0	0	0	0	0
k__Bacteria;p__Proteobacteria;c__Betaproteobacteria;o__Burkholderiales;f__Comamonadaceae;g__Rhodoferax	54	158	118	26	48	15	165
k__Bacteria;p__Proteobacteria;c__Betaproteobacteria;o__Burkholderiales;f__Comamonadaceae;g__Variovorax	982	522	606	21	73	0	372
k__Bacteria;p__Proteobacteria;c__Betaproteobacteria;o__Burkholderiales;f__Comamonadaceae;g__Xenophilus	0	205	142	0	12	0	19
k__Bacteria;p__Proteobacteria;c__Betaproteobacteria;o__Burkholderiales;f__Oxalobacteraceae;g__Duganella	0	0	0	0	0	0	20
k__Bacteria;p__Proteobacteria;c__Betaproteobacteria;o__Burkholderiales;f__Oxalobacteraceae;g__Herbaspirillum	25	67	0	0	0	0	20
k__Bacteria;p__Proteobacteria;c__Betaproteobacteria;o__Burkholderiales;f__Oxalobacteraceae;g__Herminiimonas	0	0	0	0	0	0	88
k__Bacteria;p__Proteobacteria;c__Betaproteobacteria;o__Burkholderiales;f__Oxalobacteraceae;g__Herminiimonas-Undibacterium	0	0	0	0	0	0	12
k__Bacteria;p__Proteobacteria;c__Betaproteobacteria;o__Burkholderiales;f__Oxalobacteraceae;g__Massilia	163	619	1012	17	473	0	1217
k__Bacteria;p__Proteobacteria;c__Betaproteobacteria;o__Burkholderiales;f__Oxalobacteraceae;g__Massilia-Undibacterium	22	39	0	17	288	0	220
k__Bacteria;p__Proteobacteria;c__Betaproteobacteria;o__Burkholderiales;f__Oxalobacteraceae;g__NA	26	20	0	0	0	0	0
k__Bacteria;p__Proteobacteria;c__Betaproteobacteria;o__Burkholderiales;f__Oxalobacteraceae;g__Noviherbaspirillum	52	138	57	0	0	0	12
k__Bacteria;p__Proteobacteria;c__Betaproteobacteria;o__Burkholderiales;f__Oxalobacteraceae;g__Oxalicibacterium	0	0	0	0	0	0	16
k__Bacteria;p__Proteobacteria;c__Betaproteobacteria;o__Burkholderiales;f__Oxalobacteraceae;g__Pseudoduganella	88	549	1767	0	0	15	0
k__Bacteria;p__Proteobacteria;c__Betaproteobacteria;o__Burkholderiales;f__Oxalobacteraceae;g__Undibacterium	16	16	0	0	0	0	0
k__Bacteria;p__Proteobacteria;c__Betaproteobacteria;o__Methylophilales;f__Methylophilaceae;g__Methylobacillus	0	0	0	0	59	0	15
k__Bacteria;p__Proteobacteria;c__Betaproteobacteria;o__Methylophilales;f__Methylophilaceae;g__Methylophilus	105	206	107	22	173	21	179
k__Bacteria;p__Proteobacteria;c__Betaproteobacteria;o__Methylophilales;f__Methylophilaceae;g__NA	0	95	0	0	0	0	0
k__Bacteria;p__Proteobacteria;c__Betaproteobacteria;o__NA;f__NA;g__NA	16	0	12	0	0	0	19
k__Bacteria;p__Proteobacteria;c__Betaproteobacteria;o__NA;f__NA;g__bacterium	0	24	0	0	0	0	58
k__Bacteria;p__Proteobacteria;c__Betaproteobacteria;o__Neisseriales;f__Neisseriaceae;g__NA	0	24	32	0	0	0	13
k__Bacteria;p__Proteobacteria;c__Betaproteobacteria;o__Neisseriales;f__Neisseriaceae;g__Vogesella	83	2056	0	0	0	0	23
k__Bacteria;p__Proteobacteria;c__Betaproteobacteria;o__Nitrosomonadales;f__Nitrosomonadaceae;g__NA	0	35	53	0	0	0	180
k__Bacteria;p__Proteobacteria;c__Betaproteobacteria;o__Nitrosomonadales;f__Nitrosomonadaceae;g__Nitrosospira	0	19	52	0	0	0	0
k__Bacteria;p__Proteobacteria;c__Betaproteobacteria;o__Procabacteriales;f__Procabacteriaceae;g__Procabacter	0	0	0	17	0	94	0
k__Bacteria;p__Proteobacteria;c__Betaproteobacteria;o__Rhodocyclales;f__Rhodocyclaceae;g__Azoarcus	0	0	27	0	0	0	0
k__Bacteria;p__Proteobacteria;c__Betaproteobacteria;o__Rhodocyclales;f__Rhodocyclaceae;g__Azonexus	0	0	59	0	0	0	0
k__Bacteria;p__Proteobacteria;c__Betaproteobacteria;o__Rhodocyclales;f__Rhodocyclaceae;g__Methyloversatilis	0	34	0	0	0	0	0
k__Bacteria;p__Proteobacteria;c__Deltaproteobacteria;o__Bdellovibrionales;f__Bacteriovoracaceae;g__Bacteriovorax	24	127	115	0	14	0	351
k__Bacteria;p__Proteobacteria;c__Deltaproteobacteria;o__Bdellovibrionales;f__Bacteriovoracaceae;g__Peredibacter	32	54	74	0	0	0	0
k__Bacteria;p__Proteobacteria;c__Deltaproteobacteria;o__Bdellovibrionales;f__Bdellovibrionaceae;g__Bdellovibrio	151	1121	469	187	165	64	394
k__Bacteria;p__Proteobacteria;c__Deltaproteobacteria;o__Bdellovibrionales;f__Bdellovibrionaceae;g__NA	0	140	30	0	55	0	0
k__Bacteria;p__Proteobacteria;c__Deltaproteobacteria;o__Desulfuromonadales;f__NA;g__NA	0	52	11	0	0	0	17
k__Bacteria;p__Proteobacteria;c__Deltaproteobacteria;o__Myxococcales;f__Cystobacteraceae;g__Anaeromyxobacter	11	58	42	0	0	0	0
k__Bacteria;p__Proteobacteria;c__Deltaproteobacteria;o__Myxococcales;f__Haliangiaceae;g__Haliangium	0	28	35	0	0	0	18
k__Bacteria;p__Proteobacteria;c__Deltaproteobacteria;o__Myxococcales;f__NA;g__NA	0	198	355	0	0	0	24
k__Bacteria;p__Proteobacteria;c__Deltaproteobacteria;o__Myxococcales;f__Sandaracinaceae;g__NA	17	317	241	0	34	0	63
k__Bacteria;p__Proteobacteria;c__Deltaproteobacteria;o__Oligoflexales;f__NA;g__NA	53	283	143	139	99	0	100
k__Bacteria;p__Proteobacteria;c__Deltaproteobacteria;o__Oligoflexales;f__Oligoflexaceae;g__NA	109	108	127	18	28	0	50
k__Bacteria;p__Proteobacteria;c__Deltaproteobacteria;o__Oligoflexales;f__Oligoflexaceae;g__Oligoflexus	332	253	678	836	220	473	321
k__Bacteria;p__Proteobacteria;c__Gammaproteobacteria;o__Cellvibrionales;f__Cellvibrionaceae;g__Cellvibrio	31	475	669	12	0	46	61
k__Bacteria;p__Proteobacteria;c__Gammaproteobacteria;o__Chromatiales;f__Chromatiaceae;g__Rheinheimera	0	13	0	11	0	16	13
k__Bacteria;p__Proteobacteria;c__Gammaproteobacteria;o__Enterobacteriales;f__Enterobacteriaceae;g__Enterobacter	13	26	25	548	384	0	0
k__Bacteria;p__Proteobacteria;c__Gammaproteobacteria;o__Enterobacteriales;f__Enterobacteriaceae;g__Enterobacter-Kluyvera	0	0	0	44	0	0	0
k__Bacteria;p__Proteobacteria;c__Gammaproteobacteria;o__Enterobacteriales;f__Enterobacteriaceae;g__Raoultella	0	0	0	11	0	0	0
k__Bacteria;p__Proteobacteria;c__Gammaproteobacteria;o__Legionellales;f__Coxiellaceae;g__Aquicella	0	55	38	0	0	0	66
k__Bacteria;p__Proteobacteria;c__Gammaproteobacteria;o__Legionellales;f__Coxiellaceae;g__Coxiella	0	90	142	29	0	0	0
k__Bacteria;p__Proteobacteria;c__Gammaproteobacteria;o__Legionellales;f__Legionellaceae;g__Legionella	16	514	105	678	88	34	750
k__Bacteria;p__Proteobacteria;c__Gammaproteobacteria;o__NA;f__NA;g__NA	84	322	95	0	0	0	241
k__Bacteria;p__Proteobacteria;c__Gammaproteobacteria;o__Oceanospirillales;f__Oceanospirillaceae;g__Pseudospirillum	18	472	179	0	0	0	0
k__Bacteria;p__Proteobacteria;c__Gammaproteobacteria;o__Pseudomonadales;f__Moraxellaceae;g__Acinetobacter	0	0	15	0	0	0	0
k__Bacteria;p__Proteobacteria;c__Gammaproteobacteria;o__Pseudomonadales;f__Moraxellaceae;g__Perlucidibaca	0	39	0	0	0	0	0
k__Bacteria;p__Proteobacteria;c__Gammaproteobacteria;o__Pseudomonadales;f__Pseudomonadaceae;g__Pseudomonas	128	1116	137	220	840	13	5175
k__Bacteria;p__Proteobacteria;c__Gammaproteobacteria;o__Thiotrichales;f__Thiotrichaceae;g__Beggiatoa	0	0	0	0	0	0	75
k__Bacteria;p__Proteobacteria;c__Gammaproteobacteria;o__Xanthomonadales;f__NA;g__Acidibacter	18	37	28	0	0	0	17
k__Bacteria;p__Proteobacteria;c__Gammaproteobacteria;o__Xanthomonadales;f__NA;g__NA	0	89	70	0	22	0	25
k__Bacteria;p__Proteobacteria;c__Gammaproteobacteria;o__Xanthomonadales;f__Nevskiaceae;g__Alkanibacter	0	41	28	0	280	0	1870
k__Bacteria;p__Proteobacteria;c__Gammaproteobacteria;o__Xanthomonadales;f__Nevskiaceae;g__Nevskia	0	34	45	0	0	0	0
k__Bacteria;p__Proteobacteria;c__Gammaproteobacteria;o__Xanthomonadales;f__Solimonadaceae;g__Fontimonas	0	0	0	0	11	0	81
k__Bacteria;p__Proteobacteria;c__Gammaproteobacteria;o__Xanthomonadales;f__Solimonadaceae;g__NA	0	16	0	0	16	0	250
k__Bacteria;p__Proteobacteria;c__Gammaproteobacteria;o__Xanthomonadales;f__Solimonadaceae;g__Polycyclovorans	0	0	0	0	0	0	112
k__Bacteria;p__Proteobacteria;c__Gammaproteobacteria;o__Xanthomonadales;f__Solimonadaceae;g__Solimonas	0	0	0	0	20	0	0
k__Bacteria;p__Proteobacteria;c__Gammaproteobacteria;o__Xanthomonadales;f__Xanthomonadaceae;g__Dyella	0	147	15	0	424	0	186
k__Bacteria;p__Proteobacteria;c__Gammaproteobacteria;o__Xanthomonadales;f__Xanthomonadaceae;g__Luteibacter	0	0	0	0	354	0	239
k__Bacteria;p__Proteobacteria;c__Gammaproteobacteria;o__Xanthomonadales;f__Xanthomonadaceae;g__Luteimonas	28	217	1001	0	0	0	0
k__Bacteria;p__Proteobacteria;c__Gammaproteobacteria;o__Xanthomonadales;f__Xanthomonadaceae;g__Lysobacter	0	44	0	375	0	0	0
k__Bacteria;p__Proteobacteria;c__Gammaproteobacteria;o__Xanthomonadales;f__Xanthomonadaceae;g__Panacagrimonas	0	0	0	0	0	0	20
k__Bacteria;p__Proteobacteria;c__Gammaproteobacteria;o__Xanthomonadales;f__Xanthomonadaceae;g__Pseudoxanthomonas	130	277	57	18	0	0	0
k__Bacteria;p__Proteobacteria;c__Gammaproteobacteria;o__Xanthomonadales;f__Xanthomonadaceae;g__Stenotrophomonas	25	64	18	25	32	0	0
k__Bacteria;p__Proteobacteria;c__Gammaproteobacteria;o__Xanthomonadales;f__Xanthomonadaceae;g__Thermomonas	208	1432	880	0	1343	0	1108
k__Bacteria;p__Proteobacteria;c__Gammaproteobacteria;o__Xanthomonadales;f__Xanthomonadaceae;g__Xanthomonas	0	29	27	0	13	0	0
k__Bacteria;p__Proteobacteria;c__NA;o__NA;f__NA;g__NA	0	0	12	0	0	0	0
k__Bacteria;p__Saccharibacteria;c__NA;o__NA;f__NA;g__NA	482	5845	5810	21	1437	0	1310
k__Bacteria;p__Saccharibacteria;c__NA;o__NA;f__NA;g__soil	0	0	0	0	11	0	0
k__Bacteria;p__Spirochaetae;c__Spirochaetes;o__Spirochaetales;f__Leptospiraceae;g__Leptospira	0	0	12	0	0	0	0
k__Bacteria;p__Verrucomicrobia;c__NA;o__NA;f__NA;g__NA	0	2618	1025	0	29	0	299
k__Bacteria;p__Verrucomicrobia;c__Opitutae;o__NA;f__NA;g__NA	0	0	168	0	0	0	0
k__Bacteria;p__Verrucomicrobia;c__Opitutae;o__Opitutales;f__Opitutaceae;g__Opitutus	374	5932	2370	0	148	17	338
k__Bacteria;p__Verrucomicrobia;c__Spartobacteria;o__Chthoniobacterales;f__Chthoniobacteraceae;g__Chthoniobacter	0	0	0	0	0	0	121
k__Bacteria;p__Verrucomicrobia;c__Spartobacteria;o__Chthoniobacterales;f__NA;g__NA	0	0	0	0	0	0	19
k__Bacteria;p__Verrucomicrobia;c__Verrucomicrobiae;o__Verrucomicrobiales;f__Verrucomicrobiaceae;g__Haloferula	81	403	237	0	81	21	49
k__Bacteria;p__Verrucomicrobia;c__Verrucomicrobiae;o__Verrucomicrobiales;f__Verrucomicrobiaceae;g__NA	237	234	310	69	13	12	11
k__Bacteria;p__Verrucomicrobia;c__Verrucomicrobiae;o__Verrucomicrobiales;f__Verrucomicrobiaceae;g__Prosthecobacter	32	109	89	63	0	0	29
k__Bacteria;p__Verrucomicrobia;c__Verrucomicrobiae;o__Verrucomicrobiales;f__Verrucomicrobiaceae;g__Roseimicrobium	0	0	0	23	0	0	0
k__Bacteria;p__Verrucomicrobia;c__Verrucomicrobiae;o__Verrucomicrobiales;f__Verrucomicrobiaceae;g__Verrucomicrobium	964	157	71	394	0	21	22
