sample_id,seq70 Verrucomicrobiaceae;Verrucomicrobium;sp69408,seq135 Verrucomicrobiaceae;Haloferula;sp69345,seq251 Verrucomicrobiaceae;NA;sp69427,seq307 Verrucomicrobiaceae;Verrucomicrobium;sp69408,seq352 Verrucomicrobiaceae;Prosthecobacter;vanneervenii,seq482 Verrucomicrobiaceae;NA;sp69427,seq492 Verrucomicrobiaceae;NA;sp69447,seq580 Verrucomicrobiaceae;NA;sp69427,seq745 Verrucomicrobiaceae;NA;sp69427,seq726 Verrucomicrobiaceae;Haloferula;sp69344,seq1089 Verrucomicrobiaceae;Prosthecobacter;debontii,seq1366 Verrucomicrobiaceae;Haloferula;sp69345-sp69452,seq1780 Verrucomicrobiaceae;Prosthecobacter;vanneervenii,seq1486 Verrucomicrobiaceae;Prosthecobacter;fluviatilis,seq1322 Verrucomicrobiaceae;Roseimicrobium;gellanilyticum,seq1487 Verrucomicrobiaceae;Prosthecobacter;fluviatilis
R.Mid,0.0139,0.0011,0.0009,0,0.0004,0.0014,0,0.0003,0.0006,0,0,0,0,0,0,0
R.Final,0.0011,0.0026,0.0009,0,0.0007,0.0001,0,0.0002,0.0002,0.0002,0,0,0,0,0,0
RM.Final,0.0007,0.0019,0.001,0,0.0007,0,0.0016,0.0005,0,0.0005,0,0,0,0.0001,0,0
P.Mid,0.0009,0,0.0001,0.0023,0.0002,0.0002,0,0.0001,0,0,0.0003,0,0,0,0.0001,0
P.Final,0,0.0015,0.0002,0,0,0,0,0,0,0,0,0,0,0,0,0
PM.Mid,0.0002,0,0.0001,0,0,0,0,0,0,0,0,0.0002,0,0,0,0
PM.Final,0.0002,0.0004,0.0001,0,0,0,0,0,0,0,0,0,0.0001,0,0,0.0001
