Taxon	R.Mid	R.Final	RM.Final	P.Mid	P.Final	PM.Mid	PM.Final
seq352 Verrucomicrobiaceae;Prosthecobacter;vanneervenii	0.0004	0.0007	0.0007	0.0002	1e-06	1e-06	1e-06
seq1780 Verrucomicrobiaceae;Prosthecobacter;vanneervenii	1e-06	1e-06	1e-06	1e-06	1e-06	1e-06	0.0001
seq1486 Verrucomicrobiaceae;Prosthecobacter;fluviatilis	1e-06	1e-06	0.0001	1e-06	1e-06	1e-06	1e-06
seq1487 Verrucomicrobiaceae;Prosthecobacter;fluviatilis	1e-06	1e-06	1e-06	1e-06	1e-06	1e-06	0.0001
seq1089 Verrucomicrobiaceae;Prosthecobacter;debontii	1e-06	1e-06	1e-06	0.0003	1e-06	1e-06	1e-06
seq1322 Verrucomicrobiaceae;Roseimicrobium;gellanilyticum	1e-06	1e-06	1e-06	0.0001	1e-06	1e-06	1e-06
seq482 Verrucomicrobiaceae;NA;sp69427	0.0014	0.0001	1e-06	0.0002	1e-06	1e-06	1e-06
seq580 Verrucomicrobiaceae;NA;sp69427	0.0003	0.0002	0.0005	0.0001	1e-06	1e-06	1e-06
seq251 Verrucomicrobiaceae;NA;sp69427	0.0009	0.0009	0.001	0.0001	0.0002	0.0001	0.0001
seq745 Verrucomicrobiaceae;NA;sp69427	0.0006	0.0002	1e-06	1e-06	1e-06	1e-06	1e-06
seq70 Verrucomicrobiaceae;Verrucomicrobium;sp69408	0.0139	0.0011	0.0007	0.0009	1e-06	0.0002	0.0002
seq307 Verrucomicrobiaceae;Verrucomicrobium;sp69408	1e-06	1e-06	1e-06	0.0023	1e-06	1e-06	1e-06
seq492 Verrucomicrobiaceae;NA;sp69447	1e-06	1e-06	0.0016	1e-06	1e-06	1e-06	1e-06
seq726 Verrucomicrobiaceae;Haloferula;sp69344	1e-06	0.0002	0.0005	1e-06	1e-06	1e-06	1e-06
seq135 Verrucomicrobiaceae;Haloferula;sp69345	0.0011	0.0026	0.0019	1e-06	0.0015	1e-06	0.0004
seq1366 Verrucomicrobiaceae;Haloferula;sp69345-sp69452	1e-06	1e-06	1e-06	1e-06	1e-06	0.0002	1e-06
