sample_id,seq352 Verrucomicrobiaceae;Prosthecobacter;vanneervenii,seq1780 Verrucomicrobiaceae;Prosthecobacter;vanneervenii,seq1486 Verrucomicrobiaceae;Prosthecobacter;fluviatilis,seq1487 Verrucomicrobiaceae;Prosthecobacter;fluviatilis,seq1089 Verrucomicrobiaceae;Prosthecobacter;debontii,seq1322 Verrucomicrobiaceae;Roseimicrobium;gellanilyticum,seq482 Verrucomicrobiaceae;NA;sp69427,seq580 Verrucomicrobiaceae;NA;sp69427,seq251 Verrucomicrobiaceae;NA;sp69427,seq745 Verrucomicrobiaceae;NA;sp69427,seq70 Verrucomicrobiaceae;Verrucomicrobium;sp69408,seq307 Verrucomicrobiaceae;Verrucomicrobium;sp69408,seq492 Verrucomicrobiaceae;NA;sp69447,seq726 Verrucomicrobiaceae;Haloferula;sp69344,seq135 Verrucomicrobiaceae;Haloferula;sp69345,seq1366 Verrucomicrobiaceae;Haloferula;sp69345-sp69452
R.Mid,32,0,0,0,0,0,101,27,67,42,964,0,0,0,81,0
R.Final,109,0,0,0,0,0,27,29,139,39,157,0,0,31,372,0
RM.Final,72,0,17,0,0,0,0,54,101,0,71,0,155,53,184,0
P.Mid,26,0,0,0,37,23,31,16,22,0,118,276,0,0,0,0
P.Final,0,0,0,0,0,0,0,0,13,0,0,0,0,0,81,0
PM.Mid,0,0,0,0,0,0,0,0,12,0,21,0,0,0,0,21
PM.Final,0,12,0,17,0,0,0,0,11,0,22,0,0,0,49,0
