sample_id,customer_label,Ct,gene_copies_per_ul,genome_copies_per_ul*,DNA_ng_per_ul*,Subgroup1
zr19962_1V3V4,R.Mid,21.5,504865,126216,0.641853,UninoculatedRegolith
zr19962_5V3V4,R.Final,21.03,713059,178265,0.90654058,UninoculatedRegolith
zr19962_6V3V4,RM.Final,23.13,152453,38113,0.19381809,InoculatedRegolith
zr19962_3V3V4,P.Mid,17.79,7705907,1926477,9.79681695,UninoculatedPerlite
zr19962_7V3V4,P.Final,17.23,11627535,2906884,14.78253331,UninoculatedPerlite
zr19962_4V3V4,PM.Mid,21.68,646246,161562,0.82159991,InoculatedPerlite
zr19962_8V3V4,PM.Final,19.03,3098924,774731,3.93978116,InoculatedPerlite
