sample_id	customer_label	raw_seq_files	Subgroup1
zr19962_1V3V4	R.Mid	zr19962_1V3V4_R1.fastq.gz;zr19962_1V3V4_R2.fastq.gz	UninoculatedRegolith
zr19962_5V3V4	R.Final	zr19962_5V3V4_R1.fastq.gz;zr19962_5V3V4_R2.fastq.gz	UninoculatedRegolith
zr19962_6V3V4	RM.Final	zr19962_6V3V4_R1.fastq.gz;zr19962_6V3V4_R2.fastq.gz	InoculatedRegolith
zr19962_3V3V4	P.Mid	zr19962_3V3V4_R1.fastq.gz;zr19962_3V3V4_R2.fastq.gz	UninoculatedPerlite
zr19962_7V3V4	P.Final	zr19962_7V3V4_R1.fastq.gz;zr19962_7V3V4_R2.fastq.gz	UninoculatedPerlite
zr19962_4V3V4	PM.Mid	zr19962_4V3V4_R1.fastq.gz;zr19962_4V3V4_R2.fastq.gz	InoculatedPerlite
zr19962_8V3V4	PM.Final	zr19962_8V3V4_R1.fastq.gz;zr19962_8V3V4_R2.fastq.gz	InoculatedPerlite
