sample_id,seq214 Opitutaceae;Opitutus;sp68889,seq27 Opitutaceae;Opitutus;sp68889,seq650 Opitutaceae;Opitutus;sp68889,seq1683 Opitutaceae;Opitutus;sp68878,seq1373 Opitutaceae;Opitutus;sp68877,seq574 Opitutaceae;Opitutus;sp68888,seq577 Opitutaceae;Opitutus;sp68922,seq1593 Opitutaceae;Opitutus;sp68922,seq653 Opitutaceae;Opitutus;sp68908,seq322 Opitutaceae;Opitutus;sp68908,seq1010 Opitutaceae;Opitutus;sp68908,seq440 Opitutaceae;Opitutus;sp68908,seq1589 Opitutaceae;Opitutus;sp68877,seq1151 Opitutaceae;Opitutus;sp68917,seq1689 Opitutaceae;Opitutus;sp68875-sp68900,seq1268 Opitutaceae;Opitutus;sp68897,seq1325 Opitutaceae;Opitutus;sp68891,seq768 Opitutaceae;Opitutus;sp68881,seq1071 Opitutaceae;Opitutus;sp68891,seq1760 Opitutaceae;Opitutus;sp68890,seq20 Opitutaceae;Opitutus;sp68890,seq279 Opitutaceae;Opitutus;sp68919,seq364 Opitutaceae;Opitutus;sp68919,seq387 Opitutaceae;Opitutus;sp68919
R.Mid,0,275,0,0,0,0,0,0,0,0,0,0,0,0,13,0,0,17,0,0,17,52,0,0
R.Final,245,1773,73,0,0,38,34,0,0,98,45,116,15,12,0,0,0,47,39,0,2881,262,101,153
RM.Final,165,857,0,0,21,20,0,15,105,162,0,65,0,20,0,0,0,12,0,12,756,0,98,62
P.Mid,0,0,0,0,0,0,0,0,0,0,0,0,0,0,0,0,0,0,0,0,0,0,0,0
P.Final,19,0,0,13,0,0,30,0,0,0,0,0,0,0,0,14,23,0,0,0,49,0,0,0
PM.Mid,0,0,17,0,0,0,0,0,0,0,0,0,0,0,0,0,0,0,0,0,0,0,0,0
PM.Final,22,0,16,0,0,70,64,0,0,0,0,0,0,0,0,11,0,0,0,0,121,0,34,0
