sample_id,seq20 Opitutaceae;Opitutus;sp68890,seq27 Opitutaceae;Opitutus;sp68889,seq214 Opitutaceae;Opitutus;sp68889,seq279 Opitutaceae;Opitutus;sp68919,seq322 Opitutaceae;Opitutus;sp68908,seq364 Opitutaceae;Opitutus;sp68919,seq387 Opitutaceae;Opitutus;sp68919,seq440 Opitutaceae;Opitutus;sp68908,seq577 Opitutaceae;Opitutus;sp68922,seq574 Opitutaceae;Opitutus;sp68888,seq653 Opitutaceae;Opitutus;sp68908,seq650 Opitutaceae;Opitutus;sp68889,seq768 Opitutaceae;Opitutus;sp68881,seq1325 Opitutaceae;Opitutus;sp68891,seq1268 Opitutaceae;Opitutus;sp68897,seq1010 Opitutaceae;Opitutus;sp68908,seq1151 Opitutaceae;Opitutus;sp68917,seq1683 Opitutaceae;Opitutus;sp68878,seq1071 Opitutaceae;Opitutus;sp68891,seq1373 Opitutaceae;Opitutus;sp68877,seq1593 Opitutaceae;Opitutus;sp68922,seq1760 Opitutaceae;Opitutus;sp68890,seq1689 Opitutaceae;Opitutus;sp68875-sp68900,seq1589 Opitutaceae;Opitutus;sp68877
R.Mid,0.0002,0.0039,0,0.0007,0,0,0,0,0,0,0,0,0.0002,0,0,0,0,0,0,0,0,0,0.0001,0
R.Final,0.0203,0.0125,0.0017,0.0018,0.0006,0.0007,0.001,0.0008,0.0002,0.0002,0,0.0005,0.0003,0,0,0.0003,0,0,0.0002,0,0,0,0,0.0001
RM.Final,0.0081,0.0092,0.0017,0,0.0017,0.001,0.0006,0.0007,0,0.0002,0.0011,0,0.0001,0,0,0,0.0002,0,0,0.0002,0.0001,0.0001,0,0
P.Mid,0,0,0,0,0,0,0,0,0,0,0,0,0,0,0,0,0,0,0,0,0,0,0,0
P.Final,0.0009,0,0.0003,0,0,0,0,0,0.0005,0,0,0,0,0.0004,0.0002,0,0,0.0002,0,0,0,0,0,0
PM.Mid,0,0,0,0,0,0,0,0,0,0,0,0.0001,0,0,0,0,0,0,0,0,0,0,0,0
PM.Final,0.0012,0,0.0002,0,0,0.0003,0,0,0.0006,0.0007,0,0.0001,0,0,0.0001,0,0,0,0,0,0,0,0,0
