Taxon	R.Mid	R.Final	RM.Final	P.Mid	P.Final	PM.Mid	PM.Final
seq214 Opitutaceae;Opitutus;sp68889	1e-06	0.0017	0.0017	1e-06	0.0003	1e-06	0.0002
seq27 Opitutaceae;Opitutus;sp68889	0.0039	0.0125	0.0092	1e-06	1e-06	1e-06	1e-06
seq650 Opitutaceae;Opitutus;sp68889	1e-06	0.0005	1e-06	1e-06	1e-06	0.0001	0.0001
seq1683 Opitutaceae;Opitutus;sp68878	1e-06	1e-06	1e-06	1e-06	0.0002	1e-06	1e-06
seq1373 Opitutaceae;Opitutus;sp68877	1e-06	1e-06	0.0002	1e-06	1e-06	1e-06	1e-06
seq574 Opitutaceae;Opitutus;sp68888	1e-06	0.0002	0.0002	1e-06	1e-06	1e-06	0.0007
seq577 Opitutaceae;Opitutus;sp68922	1e-06	0.0002	1e-06	1e-06	0.0005	1e-06	0.0006
seq1593 Opitutaceae;Opitutus;sp68922	1e-06	1e-06	0.0001	1e-06	1e-06	1e-06	1e-06
seq653 Opitutaceae;Opitutus;sp68908	1e-06	1e-06	0.0011	1e-06	1e-06	1e-06	1e-06
seq322 Opitutaceae;Opitutus;sp68908	1e-06	0.0006	0.0017	1e-06	1e-06	1e-06	1e-06
seq1010 Opitutaceae;Opitutus;sp68908	1e-06	0.0003	1e-06	1e-06	1e-06	1e-06	1e-06
seq440 Opitutaceae;Opitutus;sp68908	1e-06	0.0008	0.0007	1e-06	1e-06	1e-06	1e-06
seq1589 Opitutaceae;Opitutus;sp68877	1e-06	0.0001	1e-06	1e-06	1e-06	1e-06	1e-06
seq1151 Opitutaceae;Opitutus;sp68917	1e-06	1e-06	0.0002	1e-06	1e-06	1e-06	1e-06
seq1689 Opitutaceae;Opitutus;sp68875-sp68900	0.0001	1e-06	1e-06	1e-06	1e-06	1e-06	1e-06
seq1268 Opitutaceae;Opitutus;sp68897	1e-06	1e-06	1e-06	1e-06	0.0002	1e-06	0.0001
seq1325 Opitutaceae;Opitutus;sp68891	1e-06	1e-06	1e-06	1e-06	0.0004	1e-06	1e-06
seq768 Opitutaceae;Opitutus;sp68881	0.0002	0.0003	0.0001	1e-06	1e-06	1e-06	1e-06
seq1071 Opitutaceae;Opitutus;sp68891	1e-06	0.0002	1e-06	1e-06	1e-06	1e-06	1e-06
seq1760 Opitutaceae;Opitutus;sp68890	1e-06	1e-06	0.0001	1e-06	1e-06	1e-06	1e-06
seq20 Opitutaceae;Opitutus;sp68890	0.0002	0.0203	0.0081	1e-06	0.0009	1e-06	0.0012
seq279 Opitutaceae;Opitutus;sp68919	0.0007	0.0018	1e-06	1e-06	1e-06	1e-06	1e-06
seq364 Opitutaceae;Opitutus;sp68919	1e-06	0.0007	0.001	1e-06	1e-06	1e-06	0.0003
seq387 Opitutaceae;Opitutus;sp68919	1e-06	0.001	0.0006	1e-06	1e-06	1e-06	1e-06
