internal_id	customer_label	rawseqs(R1+R2)	trimmed_seqs(R1+R2)	dada2_infered	chimera_seqs	chimera_free_seqs	unique_seqs	seqs(after_size_filtration)	final_unique_seqs
zr19962_1V3V4	R.Mid	173662	152646	72822	2237	70585	796	69119	471
zr19962_5V3V4	R.Final	350230	308272	147513	3531	143982	1528	141505	958
zr19962_6V3V4	RM.Final	231496	203720	96851	1783	95068	1313	92736	812
zr19962_3V3V4	P.Mid	298366	262684	127255	7169	120086	685	118755	374
zr19962_7V3V4	P.Final	135904	119892	55759	2165	53594	852	51855	455
zr19962_4V3V4	PM.Mid	216554	190104	93332	3428	89904	355	89046	189
zr19962_8V3V4	PM.Final	252442	221796	104693	3763	100930	1292	98453	708
